,A,ismr,ustar,Tfr,Tdr,<Tfr*ustar>,<Tdr*ustar>,<Tfr><ustar>,<Tdr><ustar>,Tm,To,So,depth,Tdro,omega,u,u_tide,u+u_tide,Tdr*ustar(Tdr),ismr_rel
Abbot,29.022911323399068,2.7081977792809697,0.0026133462481837625,0.2437477586441016,0.3555979735393553,0.0005884863506215436,0.0009823049431162347,0.0006369972905557642,0.000929300630010823,-1.6566070713316472,-0.7664164326168367,34.170611812118096,-235.77483978431812,1.266833093749761,2.1377699972021125,0.017968170269886192,0.022732858852395024,0.04070102912228121,0.07889866715153822,2.7385475906493753
Abbot 1,0.1954565771813995,0.6791972977889251,0.0006779621311145532,0.0727593308054582,0.14466501053126904,0.00010351490065734361,0.0001439616475084336,4.93280709713372e-05,9.807739883748844e-05,-1.8415839516775174,-1.3497793988564781,33.928786844776134,-199.25512613240005,0.6418946022825178,1.0581134276153161,0.002011798699424258,0.0,0.002011798699424258,0.01907329906942538,0.9245141693255018
Abbot 2,0.29123975963754273,0.6926651995379629,0.0008470056522315065,0.11686114337662905,0.13802582116074344,0.0001233846347676941,0.00012487051813205586,9.898204896624128e-05,0.00011690865067704477,-1.8278055391937087,-1.3218820784512104,33.90951426065913,-172.3768953855244,0.6482390517947441,1.0685335874477457,0.005964445382906444,0.005128922762232208,0.011093368145138652,0.01775509356354166,0.8845433522539864
Abbot 3,0.2952637374275552,0.5923650353675262,0.0006991489488250109,0.056877823042058455,0.10901240070654417,7.110789275550338e-05,7.871818203917977e-05,3.976607019131015e-05,7.621590536287122e-05,-1.928878754272413,-1.2829145573996725,33.97674554323253,-271.15041786564484,0.7662054065603372,0.7731151859483499,0.005133006471613436,0.008499587678753235,0.013632594150366672,0.012465148523413514,0.7241408773943614
Abbot 4,0.3670880522896079,1.0783593831524818,0.0015169520043884042,0.07883101864963526,0.16875461051295507,0.00019377929822379856,0.00030374596557984147,0.00011958287174854388,0.00025599264466741166,-1.8765770644607818,-1.2574072082024834,33.983536537097386,-280.37435370232043,0.7991192575795334,1.3494348595962307,0.006769488889753,0.005462076837003621,0.01223156572675662,0.0241815997689943,1.0794087983476135
Abbot 5,0.5309491138400863,1.2814819320029245,0.0016059201225010367,0.12922411160330047,0.19951545505966,0.0002576914656881272,0.0003858794513083522,0.00020752360113605991,0.00032040588403025927,-1.8272078208351832,-1.2407370229880075,33.952599488258116,-257.4104979048326,0.7965505367482828,1.6087892392041465,0.015305834742810668,0.01105004773904571,0.02635588248185638,0.031419176973943024,1.298867656020974
Abbot 6,0.19976228468345952,0.6425301472200334,0.0005944216092945194,0.07233773189626073,0.16169750083805634,8.531553195705011e-05,0.00013124078035660127,4.299911100649079e-05,9.611648866705934e-05,-1.7172488763590499,-1.177812593897566,33.97048899829668,-62.11736195357237,0.7118765914520133,0.9025864242978772,0.001976947299405618,0.001642216444997389,0.003619163744403007,0.022633021423662854,1.0324525828820612
Ainsworth,0.0896246874796224,0.4769455604891626,0.0005860719010988268,0.06604497786502118,0.12348006841820282,7.156894197309611e-05,8.826846362773407e-05,3.87071057353829e-05,7.236819844566933e-05,-1.819649384879828,-1.6621920926062588,34.25004420640892,-118.6746549289088,0.2864718395599495,1.6648950948260763,0.0037214542671100575,0.0,0.0037214542671100575,0.015006095906062004,0.8011878496356895
Alison,0.05235973400230096,8.329458129768499,0.002429891002254902,0.17332111275972434,0.8913924041200646,0.0011185203600957872,0.0021704617308835436,0.00042115141239566144,0.0021659863822497106,-1.1914812641662071,-1.0045163482455979,34.132757307282475,-309.69276248978707,1.0828270105242312,7.69232578132304,0.0023487405869263025,0.0,0.0023487405869263025,0.30909805193073003,9.718686467262541
Amery,59.13265893635184,0.19602146656495573,0.000955161870780041,0.06985641615165357,0.027198172656983766,5.320899047988306e-05,4.3262035575044064e-05,6.67241851374025e-05,2.5978657476843172e-05,-2.2444546849551323,-1.7743197913577828,34.28158031419507,-539.8708171754405,0.49667197842184607,0.3946698728360024,0.013674408763913076,0.04742606612729294,0.06110047489120602,0.0019500515398728335,0.4053005932790381
Andreyev,0.0785027883176757,0.8360932501923759,0.0013555051058720226,0.035402101916819466,0.15303789098949222,0.0001037750281810811,0.00019218893345144956,4.79877299068505e-05,0.0002074436426281427,-1.9442821062639086,-1.6756407494466234,34.18668698612014,-324.9979211642016,0.4264238267681817,1.9607095047409353,0.00653182771067743,0.0,0.00653182771067743,0.020791481563777112,0.9766131462078449
Astrolabe,0.07728310617844827,1.0664143167888396,0.0008129248519879068,0.17313862541192362,0.166446319668874,0.00017065050640872827,0.00015647192935263861,0.00014074869143637764,0.0001353083497807512,-1.7555197807894802,-1.5045632182776454,34.34999073916271,-86.73429974484723,0.4254910559604581,2.506314296975361,0.010542523184746955,0.0045929041402472115,0.015135427324994167,0.023670391205825262,1.063907858719749
Atka,1.946635324307072,0.695608066499243,0.0018297630507328822,0.08128345155389335,0.08769335585800232,0.0001539306717231478,0.00019244598329861838,0.00014872945628935033,0.0001604580623437426,-1.9348336186773267,-1.0866044305324052,34.30955613139006,-229.37942121465667,0.9496980085011821,0.7324518534023831,0.019713114646574034,0.03021058064557192,0.04992369529214595,0.009082185811621468,0.6215621951560809
Aviator,0.7662140908580338,0.33578257204956935,0.0010210484086838356,0.09064316874921634,0.05921445901918615,8.513657524296575e-05,9.986453237135606e-05,9.255106320944771e-05,6.046082915261421e-05,-2.005697093058743,-1.8340007931419726,34.48617896910886,-256.47704777940305,0.23299044145735825,1.4411860415785513,0.00940193887678039,0.011987865855796195,0.021389804732576585,0.005258306831899091,0.50561398638295
Bach,4.4860029047676,3.144879718386172,0.0012981706332604063,0.4860535869907395,0.21931810752366765,0.0006987076836217575,0.0007290995605092267,0.0006309804928222603,0.0002847123265294735,-1.7803202388137307,-0.45300485133997664,34.227712210106446,-226.42170192974243,1.5763816598046247,1.9949989260696837,0.010996476795300227,0.058818156967763505,0.06981463376306374,0.03648314119526399,1.4524179079685444
Barber,0.01979572468221076,1.5904681898085824,0.001442348488499582,0.03879097294773198,0.2598156244550268,0.00013942412148477984,0.0002579895742218409,5.5950101198589396e-05,0.00037474467322128296,-1.7663313219685133,-1.693448013711236,34.23263777893983,-222.78649795931722,0.33345286463537493,4.769694186156513,0.006111493088992075,0.0,0.006111493088992075,0.047768511056762226,1.7946145171504595
Baudouin,32.37188547928645,0.5970254457809503,0.0012664498166027635,0.1257536603018703,0.07546276952285517,0.000128505070552548,0.00014143823887077494,0.00015926070002642985,9.556981062255655e-05,-1.9437211427396395,-1.2333500167657434,34.284865025584054,-226.1757541866594,0.7991070386285954,0.747115739094913,0.010311883423355874,0.034997903650250364,0.045309787073606236,0.0073408275759398785,0.5687604801095762
Borchgrevink,20.425949779890068,0.9833234642934756,0.0018512799856309533,0.12400807802608893,0.13365299249414994,0.00021772143401136774,0.0002961871742037306,0.00022957367290626004,0.00024742911002410383,-1.9805149488875828,-1.1366481849887697,34.338327024306494,-349.8496633642918,0.9929720492169265,0.9902831253598126,0.01645377795842368,0.03240681496386561,0.048860592922289295,0.0169084737473791,0.8588720243389452
Brahms,0.2227951610644196,2.8218826523755887,0.0015742452508508207,0.11284948737756605,0.4085958839625987,0.0003965660443737127,0.0007606366394684204,0.00017765276956508298,0.000643230129845314,-1.5572964541523957,-0.452645628283506,34.2647357378894,-171.3413983000514,1.536935112882529,1.8360454053802795,0.003940862214435951,0.00288744109366916,0.00682830330810511,0.09841750830646608,3.3304007013891583
Britten,0.020011302356546766,2.237501784433496,0.0006438518176614374,0.24359455354732298,0.4927181323132371,0.00032696755360408743,0.0004213415643319572,0.00015683879607387025,0.00031723746508462635,-1.4205830628442873,-0.015680440316772164,34.36711463182817,-97.52001305657151,1.9235578236334847,1.163210045958998,0.0019895806575147535,0.0,0.0019895806575147535,0.1320581169543743,4.350456078519858
Brunt Stancomb,36.00417960139504,1.0119432866601954,0.002040774149045361,0.16337006088775807,0.12597908653852316,0.00022843692897678817,0.00029442368508702496,0.00033340139698770333,0.0002570948631281665,-1.8547906255506803,-0.7696431864771169,34.391146602190126,-178.25698080771363,1.2324057322423905,0.8211121225628685,0.011123431703041007,0.0435535536710869,0.05467698537412791,0.015464654147619411,0.815092318633973
Campbell,0.06878314642620435,1.882490999069923,0.002401520279385771,0.16330507828332,0.23919507744063628,0.00038579952294335836,0.000660343919329509,0.0003921804572240738,0.000574431829202938,-1.9881131477172518,-1.8515410547283706,34.50795555154719,-467.26392497225146,0.37710025861370267,4.992017258196383,0.01632194077209401,0.003340693752700365,0.019662634524794376,0.041870466417514476,1.6157731587258801
CapeWashington,0.01617982682632406,0.12271877869465664,0.00010593163879008565,0.027371894853807616,0.04021745387946462,1.1597737009621932e-05,7.555521542257344e-06,2.8995496786537527e-06,4.260300797416375e-06,-1.881085574284135,-1.8448448970080658,34.4953491973739,-67.1225215979833,0.07857024617831154,1.5618988696580134,0.0016553323998320319,0.0,0.0016553323998320319,0.003165796892184029,0.44216459882739795
Cheetham,0.08538377870682089,0.20750993033816917,0.0007520389636792592,0.02152944728090071,0.05214413510489897,3.2915288130155625e-05,5.535967334899145e-05,1.6190983221715815e-05,3.92144213262395e-05,-1.8888765817128856,-1.8567115056685692,34.50541504743581,-98.07714531157008,0.09083385961737678,2.284499758264945,0.004537708625081292,0.0,0.004537708625081292,0.0044358932785016686,0.48067664425134826
Chugunov,0.01982325436909767,0.8933529074242922,0.0012904736423609935,0.033896538963372524,0.1651024980229318,0.0001109160967764436,0.0002402563090520293,4.3742590099494675e-05,0.00021306042198655155,-1.9113571268326481,-1.707783850880712,34.23628578769716,-291.8161968347961,0.37185656480930596,2.402412628865159,0.004516967867891335,0.0,0.004516967867891335,0.02337487475298396,1.0549471663046281
Cirque Fjord,0.06591585950410388,0.6229380458107201,0.0006009878724088388,0.01892314144138934,0.12882096161989687,4.819333553335166e-05,9.222200542780023e-05,1.1372578514152108e-05,7.74198356456025e-05,-1.923172873517272,-1.599144473849578,34.19658648359946,-264.46349427511774,0.457417674858956,1.3618582753777542,0.0020911004041185843,0.0,0.0020911004041185843,0.015993083847805657,0.8311154400570171
Conger Glenzer,1.5295572567382594,3.5193581912081626,0.0031350173768694956,0.4082916932419293,0.25980634819568865,0.0007974118772355031,0.000796236317947115,0.0012800015531449181,0.0008144974162144907,-1.6213572458933196,-1.4895404412355704,34.17193171128287,-53.98084086034845,0.40543908620227853,8.680362379892282,0.0356008412306775,0.07583269941059126,0.11143354064126876,0.04776578901020582,1.7945319788630067
Cook,3.3300939285867526,3.489451549134556,0.0042527796708258,0.19229112658089617,0.3682376089601005,0.0007875978944200385,0.0015344711563905857,0.000817771794003426,0.001566033417419016,-1.759474869760772,-1.2829280103372178,34.303662841428405,-364.07402812826206,0.8555411070298087,4.078648612512522,0.019940283286712903,0.014273529933368539,0.03421381322008144,0.0834197165356747,2.8756355007650747
Cosgrove,2.9278141849682218,2.9497220981398744,0.0020018453585471875,0.2981503345824464,0.3986498974651728,0.0006437543842696785,0.0010003872425151461,0.0005968508634331613,0.0007980354469259685,-1.6672682897303175,-0.3601458264320952,34.280183665380065,-306.8737126028562,1.733455537785342,1.701642778740337,0.011831887731248747,0.029946976902013145,0.04177886463326189,0.09464530399288329,3.216019379279964
Crosson,2.8393617463315537,0.5076279750795072,0.001250880252274829,0.08926929283698325,0.06364731099695466,0.00011381285793625856,0.00013275250163433268,0.0001116651955443212,7.961516443648514e-05,-2.018823898293445,-1.2041514731004694,34.096083032281435,-316.40076062627907,0.8862062385761704,0.5728102026172726,0.012743334596524665,0.039407707628728646,0.05215104222525331,0.005799999942782363,0.5220392828540794
Dawson Lambton,0.024432488241298844,0.6526679729961598,0.0005444412767325043,0.040770988996771146,0.1563662875002861,6.035304413991033e-05,8.646580927539757e-05,2.2197409303048968e-05,8.51322612045776e-05,-1.8126838193084638,-1.45120422226743,34.195274872641185,-161.04856826528172,0.5265844059229969,1.2394365758935904,0.0007485840156948047,0.0,0.0007485840156948047,0.021491585451805198,0.9978417970627563
Deakin,0.05865661463900721,3.000786028280355,0.0018717383948421006,0.08003834546038141,0.4302728302777804,0.0003664238173104283,0.0007288579320647202,0.00014981084425783183,0.0008053581766883003,-1.6534213918036034,-1.5365415552265458,34.229436334566174,-301.08480983304366,0.5497618561266724,5.45833799642319,0.0016090507195604376,0.0,0.0016090507195604376,0.10680035986683345,3.584586732900598
Dennistoun,0.08747731665772203,1.8747705873744875,0.0014139947798031771,0.12504710112140893,0.3267402459831519,0.0002873842466891905,0.0005229133440543401,0.00017681594821519224,0.00046200900217178276,-1.6854245593872226,-1.3764723228677354,34.36512152405673,-201.93446528217294,0.6421117320832321,2.9196952706222707,0.013367980435694987,0.0012014052667761153,0.014569385702471103,0.06891674106287522,2.4358741911449044
Dibble,1.4091223432954423,2.560469329518616,0.0032197242728427573,0.17445884028751013,0.25205536429646763,0.000577295427174518,0.0009401702806253848,0.0005617093626856943,0.0008115487745255605,-2.0121647394598985,-1.6185145979073305,34.20684531042407,-538.8249384374346,0.6474213629377292,3.9548730951667546,0.043020799685258765,0.015911723097273876,0.05893252278253264,0.04551276030317964,1.7262153181424589
Dotson,5.0863335821698135,0.7164382211425657,0.0013095408169963728,0.11404043884953236,0.07745657290971861,0.00016170448211266536,0.000148946731923549,0.0001493406094616415,0.00010143254376993202,-2.069504438757627,-1.4548970457526915,34.216604105026946,-397.82391241585276,0.7042933855823084,1.0172440005953145,0.01796887949698152,0.03848520849148408,0.0564540879884656,0.0076146134227560785,0.5770622539612367
Drury,0.054999499749804504,1.742366766006377,0.0013912552211689242,0.1793681529069521,0.2887945493637235,0.00031339728606550763,0.000436301312014747,0.00024954687924322305,0.00040178692464740693,-1.7370874727099082,-1.6054144254322054,34.203219618800844,-226.7903026505906,0.42285651315654227,4.120468082659873,0.005486073934781079,0.0,0.005486073934781079,0.056563540805019956,2.061298674997663
Drygalski,2.236993038566324,0.8412433114591835,0.0019509636032560103,0.11242909914509724,0.12229149007746247,0.0002024885955018238,0.00031024220920290545,0.00021934508037894614,0.0002385862461290728,-2.028759045855698,-1.8690368110672249,34.53375683836909,-369.19054234574367,0.2864413314449239,2.9368782333737173,0.021238287290467953,0.012954638660848774,0.034192925951316726,0.01479001420778643,0.7946357892811203
Edward VIII,0.3939447809375312,0.8292805855916481,0.0011927144501001153,0.0976008658851477,0.13798660397142676,0.00015261040388316085,0.00019655739103282074,0.00011640996308349903,0.00016457861647696265,-1.8932047118329325,-1.5453416146455414,34.22112724487304,-236.87744731824284,0.49162637572140455,1.6868106076993432,0.011366210015527277,0.0032215217745039403,0.014587731790031217,0.017747424220551408,0.8843108013320293
Ekstrom,6.743608888095494,0.7713446902248792,0.001281048606144329,0.14988583078296938,0.05803800603699623,0.00017580528659145517,0.00012010499543958615,0.0001920110346053077,7.434950673709017e-05,-2.034672412133423,-1.2994414539360428,34.23053248526925,-325.8456026209443,0.805767401318843,0.9572795932950101,0.01517836647504088,0.09089755945467584,0.10607592592971672,0.005117908114422824,0.501356796264815
Ferrigno,0.1126589196770636,10.871675048519194,0.003863134878862205,0.22353487891606533,0.8466610521331177,0.0015870975816520728,0.0030821755533044924,0.0008635453873828917,0.0032707658410696186,-1.2258018639840744,-0.828239074387281,34.185155984185165,-299.412634126274,1.254267831281368,8.667746056607879,0.010935207001913179,0.0012903220227280592,0.012225529024641238,0.28958516136366635,9.12701379110441
Filchner,100.9451532551291,0.06813397888487092,0.0006133382637239755,0.049846847314866514,0.007142270925064775,1.817119202529427e-05,9.147500750813223e-06,3.057297878421434e-05,4.380628048225462e-06,-2.4322003241692594,-2.038238215442569,34.31603025944185,-749.943470090154,0.3945824900842241,0.17267359955665454,0.008573691932932788,0.09151988188010508,0.10009357381303788,0.00043362877796683866,0.3593194040420896
Fimbul,39.923782238291786,1.4660165777897947,0.0025254100181957475,0.1412311299854941,0.1575432395399469,0.0003388425794605435,0.0005467414317754415,0.00035666651054647267,0.00039786127543319427,-1.892822687247463,-0.5977876014321066,34.45101040092413,-266.7882453739945,1.475045846150179,0.9938786523931101,0.01851370514035816,0.02246399816212835,0.04097770330248651,0.021741457822797235,1.0054184630587408
Fisher,0.15161626454999888,0.8421215119120491,0.001682062834312409,0.10910518393174483,0.14413480228395398,0.00018473743640154403,0.000283000245814761,0.00018352177492240743,0.00024244379405280632,-1.9500985097762638,-1.7233404528915681,34.27187923129697,-312.9431033715745,0.3744063649581273,2.249217937323875,0.008554170946622584,0.011250367015450437,0.019804537962073022,0.01896658244848093,0.9212782925860845
Fitzgerald,0.3101880774056456,0.30056228213076774,0.0011510999992808608,0.05522051035629954,0.059931778973264,6.65755040458158e-05,8.770979908582481e-05,6.356432943142516e-05,6.89874707330249e-05,-1.944184617912508,-1.8406614696278378,34.449268509731674,-177.7284006536212,0.16429814832427336,1.8293710866269255,0.007862426369408789,0.020777069566507732,0.02863949593591652,0.005344605983294512,0.5082307616721268
Flatnes,0.06283706674966184,1.9990205758911754,0.0008778335697563065,0.16942346964905727,0.2790582237390792,0.00032505082258987665,0.00029552159224738734,0.0001487256091625312,0.00024496667671473,-1.6463342974547444,-1.461091897569817,34.184652531251366,-102.8337975150864,0.4717898166204917,4.237099881066721,0.002011486750992509,0.0038605265395455324,0.005872013290538041,0.05354453951546788,1.9697560833875196
Fox Glacier,0.01923861289002616,6.715158299962638,0.005409766357968125,0.13018198510093107,0.38301993621214586,0.0012189486771621131,0.0021330733860095642,0.0007042541234125245,0.0020720483653515636,-1.5171661385690989,-1.4040832186458416,34.208383986868206,-77.24546318269161,0.5106784660876744,13.149483962791107,0.049398151842476555,0.0,0.049398151842476555,0.08881640145864379,3.0392745577146902
Fox Ice Stream,0.024119176523755503,4.327060230749265,0.0013802423595667323,0.11461717558334407,0.6253636947949217,0.00048392070310220264,0.0009520335402370905,0.00015819948087402927,0.0008631534616911126,-1.5031660871305428,-1.1608355380995583,34.12967442146003,-374.487396650343,0.9756408127745746,4.435095553704608,0.008175601297622008,0.0,0.008175601297622008,0.18971851327276057,6.098842914431468
Francais,0.0656059880349303,1.5069897634571279,0.0012143723037774106,0.06847960929703972,0.2743443450872959,0.00020322375697771325,0.0003695485714138589,8.315974090382311e-05,0.00033315617437196444,-1.7850376626542352,-1.5426465383210197,34.31025523801436,-261.93417211076337,0.5184699152220897,2.9066098518206203,0.001388730672292709,0.0,0.001388730672292709,0.05210590935062676,1.9261337324750354
Frost,0.19743372453624863,2.2694743308866467,0.0019201984196764888,0.10183258668430935,0.32203054377051565,0.0003511644244275357,0.0006910054119498173,0.00019553877202277986,0.0006183625412357045,-1.7997016486985706,-1.5050992611421956,34.27161027834899,-348.57066979281853,0.6197448044360316,3.6619497487387096,0.007353119575645214,0.000242568881772268,0.007595688457417482,0.06733444897806276,2.387895702818575
Gannutz,0.02770142611278712,0.39593460246282064,0.0005065544877937735,0.030201552649971,0.07385224148480293,3.028144876510533e-05,2.3369393845561815e-05,1.529873203318274e-05,3.741018435775642e-05,-1.868370658509503,-1.7354580482397943,34.17020176593477,-121.27315541340487,0.2106323236880887,1.8797428406531453,0.003689691422539333,0.0,0.003689691422539333,0.007122562057937692,0.5621422016589517
Garfield,0.02836264434499246,0.49594173142783665,0.000196815645954192,0.013989109407904805,0.13043479516937267,1.9273390634183343e-05,2.7164516044175026e-05,2.7532756044406485e-06,2.5671608466162806e-05,-1.7686303914060368,-1.4878727716115052,34.10004241042026,-72.29754710527052,0.41694807912956033,1.1894568082989783,0.0003911407288769624,0.0,0.0003911407288769624,0.016296450368971146,0.8403141633736815
GeikieInlet,0.27221957316968526,0.08660120323030378,0.0005087717442122071,0.03468887676149582,0.025254928184814333,1.7696601022357796e-05,1.801787751888078e-05,1.7648720334708526e-05,1.2848993862542018e-05,-2.009061824850303,-1.8745813793326964,34.525214503880015,-216.52769540566126,0.16423342359217274,0.5273055955123567,0.003753683356001576,0.0033921701033126847,0.007145853459314261,0.001784075817420335,0.40026785353485544
George VI,22.785122252804697,6.969133755348661,0.0037412355954499856,0.44167553894624284,0.754418825078331,0.0015733807631265002,0.002868488199579064,0.00165241224794524,0.002822458562260608,-1.2805355565202141,-0.17033885366540347,34.32918072084303,-259.1775928261416,1.8897585955633427,3.6878433952941707,0.020108585422592893,0.011744993116054045,0.03185357853864694,0.24820883994590182,7.872395018007296
Getz,32.54125304620231,1.9918550241644783,0.002166469102675918,0.207323655832496,0.22296317281358696,0.0004427594289680844,0.0006371321677592963,0.0004491602946149185,0.0004830428249352274,-1.9397763324041757,-1.1909551799551716,34.21897971418648,-423.69234713098405,0.9880565399201366,2.015932230280544,0.018532319382429996,0.036172596694804736,0.05470491607723473,0.037448604272679924,1.4816928183557712
Getz 1,0.5074078655151939,0.7798431472481809,0.0015539420416912503,0.0665388076657253,0.1415061403921933,0.00014760481878967578,0.00024234312423094428,0.00010339745063577858,0.00021989234071289357,-1.8872559287601658,-1.4593694512771094,34.07503260143058,-246.9884749597791,0.5769656364488254,1.35162841247886,0.009881674898871567,0.007161713868069557,0.017043388766941125,0.01844119860501783,0.9053475280689731
Gillet,0.12209573926084902,0.901891715874445,0.0013390670975782525,0.07574258987472059,0.14580924420449026,0.00016138008542118096,0.00022212646141590235,0.00010142440998660204,0.00019524836143698543,-1.8738728914507028,-1.709014534730566,34.178047022557664,-220.03034536773106,0.3126772383800638,2.88441755641382,0.00981167112123271,0.023512644820858422,0.033324315942091134,0.0193044528626287,0.9315232479117143
Hamilton,0.18014816522617624,1.3909753294334066,0.0013491732686518223,0.12977339424739204,0.23088970369425085,0.0002499153061959266,0.0003533052649369656,0.0001750867945007955,0.00031151021623122317,-1.9199479626989477,-1.657883726080379,34.158059056181045,-395.45207274584095,0.49616466748152543,2.8034550232966744,0.013983973319386068,0.0027085773518377323,0.0166925506712238,0.03958312741744425,1.5464161363615576
Hannan,0.3225001642005302,0.37376381285826066,0.0006590640596079543,0.06478294210785998,0.09138643174674262,6.177751398471768e-05,7.938548789835612e-05,4.2696108818953285e-05,6.022951270009342e-05,-1.8713150125568787,-1.597244382797466,34.258378433661576,-145.15880660645107,0.37204903974875303,1.0046089975414683,0.00542427549788599,0.0023716553688090383,0.007795930866695029,0.009636845744959236,0.6383806734839196
HarbordGlacier,0.06510580427132813,0.3471025032610489,0.0014176588149721688,0.0446262343482722,0.06533911772720492,7.21159029774219e-05,0.0001121652085776923,6.326477450284186e-05,9.262857620847635e-05,-1.8546882498890713,-1.843895722770817,34.4942660468304,-72.39831016595518,0.08347255593480751,4.158282915550564,0.008761604446450435,0.00118773007680184,0.009949334523252275,0.006011999802488946,0.5284675731120829
Harmon Bay,0.02825897313994579,0.49029354993144636,0.0001419507191104354,0.13314218238481862,0.141616006693487,4.944790244734994e-05,3.3538651408435015e-05,1.889962853345775e-05,2.0102493987688715e-05,-1.7451966129653933,-1.4508096734887752,34.07876142897202,-60.093438933804755,0.44351083499125554,1.1054826877929897,0.0005185743599911107,0.0,0.0005185743599911107,0.01846303394063751,0.9060096222582735
Helen,0.24686784819345828,2.225723204924126,0.0023928455705662308,0.14148841804275308,0.23715292607385188,0.00047742175634189635,0.0006239265544568914,0.0003385599344000249,0.0005674703287026373,-1.8324651875958977,-1.563987424880358,34.23777920578471,-282.6181093258042,0.5087383710463076,4.374985909449969,0.006269043548727845,0.002124983821736137,0.00839402737046398,0.041303275909537016,1.5985747265103596
Holmes,2.1394404301981336,1.6764532115562352,0.0028084790009259924,0.11315295037132497,0.2212584405363893,0.0003543101345378304,0.0006218122761459025,0.00031778768501068716,0.0006213996840240816,-1.91417928003823,-1.5141055706581932,34.2615945938564,-370.1688101205871,0.6266037856933886,2.6754597559622177,0.013985892798004563,0.009756830183087702,0.023742722981092264,0.036995802643065,1.4679629021733251
Holt,0.044482316168420834,1.6463196801765974,0.001204183951303716,0.035410866495894686,0.2194223961013196,0.0001530364884519657,0.0002659553003524825,4.264119713611484e-05,0.0002642249279418162,-1.8140895541263904,-0.9788313887264434,34.16757172091814,-253.06656725190916,1.0674038570445932,1.5423587513866541,0.003343573872654706,0.0024458467918339823,0.005789420664488688,0.03651062181426246,1.4532511792529512
HornBluff,0.12898578681939013,1.3074655534147204,0.0019891499770481338,0.13232754703958885,0.20048433361509863,0.0002909955821970033,0.00046338479443903556,0.000263219337156634,0.0003987934076089838,-1.7994357365337672,-1.4407308170100144,34.25618590772583,-194.8749424284749,0.5662716109184271,2.3089018206195475,0.014313128170077353,0.010000725550188794,0.02431385372026615,0.03165971518390782,1.3061612902428756
Hoseason,0.10843307668991124,1.6150548552574244,0.0013128859598741816,0.13912382012671082,0.2060078516904513,0.00022078075526951046,0.00032485893305796956,0.00018265371012841973,0.0002704648161082362,-1.7898836596602592,-1.4788916449211464,34.298396916132376,-189.81921242427936,0.5266693999532757,3.066543937051795,0.012925831492696964,0.0009136480810316578,0.013839479573728622,0.03304533139552055,1.3481761444355604
Hovde,0.011776863320566731,1.348801796315185,0.00014369994822342915,0.23460664102153975,0.32967370261451107,0.0001011442541379161,4.80120984380074e-05,3.371296216766789e-05,4.737409399633142e-05,-1.532589960680681,-1.4064935718885718,34.16621935300609,-27.62694344357644,0.4681050351933371,2.8814084338103774,0.0015381396266465877,0.0,0.0015381396266465877,0.0699090659980309,2.465963610648596
Hull,0.20266455180183096,0.8280915350258659,0.001297505095141766,0.05715236713353078,0.13928151822750753,0.00010677507114224324,0.00016761345143382318,7.415548755516899e-05,0.00018071847955927178,-1.9162503733232104,-1.3586346114511219,34.121989355012815,-279.4228136435494,0.7050595429673499,1.174498726080236,0.009104178644706421,0.0012809362956526418,0.010385114940359062,0.01800138849791151,0.8920115427018319
Hummer Point,0.02827343543821933,1.7166618493689387,0.000733692956654857,0.1483469772831969,0.31264777239791774,0.000206962376145811,0.00025935461739316805,0.00010884113237371964,0.00022938746852218305,-1.6848146449314263,-0.7908954389894256,34.21743120124037,-202.53001384200897,1.2197234800150443,1.407418876078179,0.0013813176094853237,0.0,0.0013813176094853237,0.06422278870105008,2.2935434920547504
Ironside,0.07196349626859674,0.24337970731975936,0.00037638007850837157,0.023724461934586487,0.07602971204507007,2.601679859749057e-05,4.048677872761283e-05,8.929414845508535e-06,2.8616068988492357e-05,-1.828217838055454,-1.5371557325535494,34.36681332451822,-58.92796993816958,0.37269681206693606,0.653023313963975,0.0017052940175623613,0.002449308189864353,0.004154602207426714,0.007418276978351451,0.5711089120363688
Jackson,0.05664777277101414,1.0322924203236863,0.0014665248915648852,0.07860234433878871,0.18367558004532716,0.00017244745716009306,0.00025269837427762635,0.00011527229450818787,0.0002693648101090908,-1.7859431910694443,-1.5779112252115397,34.087960743042004,-164.0102143051788,0.3960143102280955,2.606704842885876,0.0018728690264530965,0.0,0.0018728690264530965,0.027594576671723835,1.1828975752032789
Jelbart,10.612422120050248,0.9280619374056283,0.0015731250822581349,0.18996819608307491,0.07866340387051915,0.00020299326229336728,0.00019020298809075553,0.0002988437340896167,0.00012374737368451533,-2.0536878505200056,-1.3924722173593613,34.2185912462726,-377.08384302756326,0.7510482882221527,1.2356887725588113,0.017702567719257066,0.06432709782877784,0.0820296655480349,0.007782251426861309,0.5821453976489366
Kirkby,0.011895248577831552,0.51598270613906,0.0003678931285758219,0.03679219562465806,0.16691789178148742,4.0608823514443786e-05,6.314437491035754e-05,1.353559595552912e-05,6.140794542277188e-05,-1.729156490696431,-1.5669031620641032,34.27875291116257,-52.17658655236674,0.33279213623851445,1.5504654405933789,0.0015090180313145267,0.0,0.0015090180313145267,0.02377445924727857,1.0670634248506405
Land,0.6337334976786679,5.778838530553475,0.0036124010166036767,0.3100181700277234,0.5351158698735098,0.0013008015412501938,0.0023186061772845967,0.0011199099525737596,0.0019330531123318275,-1.5846060976201017,-0.7168041622971909,34.23756834850139,-370.0707082920302,1.422461042577623,4.062563653821913,0.011309649703502199,0.00560330886034393,0.01691295856384613,0.1499996503680665,4.894481836916616
LarsenA,0.6941656814784283,1.1333818181082116,0.0005813467309482172,0.2905530754796461,0.09308542326459977,0.00017761060021422045,6.412904507325833e-05,0.00016891208059704286,5.41149065138062e-05,-1.8154749321794494,-1.5810211790163422,34.178451435955616,-71.55200564998593,0.32770162913276724,3.458578527996959,0.009948240106989564,0.057897106808987076,0.06784534691597664,0.009896468186763131,0.6462529825303355
LarsenB,2.0264832801973935,0.36450095883103584,0.001257167154558149,0.08494454929823121,0.0780864322243557,7.487543458838473e-05,0.00010575884937060813,0.00010678949733648175,9.816769780909101e-05,-1.9615041127154547,-1.7230869307899128,34.18660281304431,-245.88035423335737,0.31876437912519795,1.143480836319777,0.01577989755638144,0.011720223893447604,0.027500121449829044,0.007701925475179664,0.5797097425811708
LarsenC,45.62403095973478,0.21784059833924932,0.0006392437065892286,0.09022565877630087,0.02498813026206622,5.010415277554774e-05,2.8187313083369115e-05,5.767618454561753e-05,1.597350500945768e-05,-2.030650266786045,-1.560772668639007,34.27126542010941,-261.96764886882045,0.4981468410964014,0.4373019767821689,0.006382884111244517,0.054626703929443424,0.06100958804068794,0.0017616045225570557,0.3995864756978405
LarsenD,21.644901721736225,0.2772646179205817,0.0008996405143913049,0.08491991425985904,0.022702294333919234,6.314488050106203e-05,2.875911765065688e-05,7.639739534680509e-05,2.0423903752429905e-05,-1.9285059606125246,-1.677484404681906,34.23938693166699,-128.87403050279337,0.27833378763573835,0.9961586779519708,0.01080980309771197,0.06482525165835439,0.07563505475606636,0.0015722153433314796,0.3938437897476138
LarsenD 1,0.039345474655226455,0.3050117399160861,0.0011476837437768672,0.048157486669780175,0.08453633031990072,4.4536663950289207e-05,6.716628821279966e-05,5.526956459205789e-05,9.702097206670155e-05,-1.8702613884422536,-1.6632298841814288,34.21594225017506,-134.2675602020737,0.29535643739232786,1.0326903405559869,0.005165357858074454,0.005261409526427492,0.010426767384501946,0.008618593156267952,0.6075050719380961
LarsenE,1.1496641682676487,0.8300194430837687,0.0009553341893973451,0.20076475937574387,0.04937672702698172,0.00020412231738482556,9.579442599395155e-05,0.0001917974386577793,4.717127548941556e-05,-2.0622303626556695,-1.7312350535933283,34.288334402318526,-338.3188687827531,0.38676066648250274,2.1460802894787627,0.012685747177544782,0.047321249004522045,0.06000699618206683,0.004128009592384899,0.4713409508089004
LarsenF,0.7865840665971611,0.3205886483937712,0.0007772739492901675,0.08045942592667236,0.0354884343715434,7.228759876620726e-05,4.598247282354192e-05,6.253901574764432e-05,2.7584235538094463e-05,-1.9740294536737424,-1.7252557888124518,34.29139359487328,-202.094028311302,0.28924720164022566,1.1083552289384946,0.011285719439042101,0.02684568694862262,0.03813140638766472,0.0027034237336181527,0.4281444533665234
LarsenG,0.39214864301094327,0.1344530856569298,0.0013465094856248193,0.041027930448881166,0.02430242379044888,3.064569178663748e-05,2.9016536416422126e-05,5.524449752497384e-05,3.272344415751369e-05,-2.0025732238669045,-1.6965851427997258,34.29820820117437,-225.86470081198868,0.33639576198513654,0.3996872162226304,0.015351327563073424,0.017185135464543866,0.03253646302761729,0.0017042011977048694,0.3978458838199259
Lauritzen,0.49082174121553784,1.885997951867368,0.0024165997569695467,0.14185730603621793,0.23758317927732542,0.00038239363174763144,0.000597279048918905,0.00034281233129147885,0.0005741434533016368,-1.8815197065580282,-1.6166835471947802,34.20979864293263,-351.8918888471564,0.5071647028650657,3.7187090134881675,0.015590016362726384,0.015526002023062454,0.031116018385788837,0.041422517582248325,1.6021903896721137
Lazarev,8.34616604017539,0.39596375744724627,0.001199839361873737,0.08708826804728197,0.049002020711735234,8.727108598293328e-05,7.367089844208873e-05,0.00010449193196053976,5.8794553261292045e-05,-1.97261379093551,-1.509726252023248,34.15421534423925,-229.45749261509147,0.5177811744784739,0.7647318538494063,0.015172011640650667,0.03813710140752947,0.05330911304818013,0.004086931592869883,0.4700953777954743
Lillie,0.7379448661553369,2.4840945772315015,0.0020623693366556796,0.1689859303022775,0.2664863129410425,0.00044897245173999,0.0006021264446182961,0.0003485114009816509,0.0005495932004480357,-2.1861539105363574,-1.6483901027705852,34.25319824649629,-793.3911411639768,0.8139128557054895,3.052039981698433,0.02640860678485374,0.0164884804442431,0.04289708722909684,0.049741687499510814,1.8544454572359763
Liotard,0.011584331502219667,1.162049005785721,0.0011889724418357656,0.12988668528382513,0.17585005442734447,0.000227892255539835,0.0002231511032195325,0.00015443168936386318,0.00020908086860943205,-1.8010729880279146,-1.5305308392480428,34.33009825436615,-154.20444648464792,0.4497343450256448,2.583856489144627,0.006798307713904124,0.0,0.006798307713904124,0.02578129382834308,1.1279149518504044
Mandible Cirque,0.020087643750987306,0.17404531725733952,7.222555845626145e-05,0.019092389827873275,0.04064138379540497,6.894792332198923e-06,3.3474340998657427e-06,1.3789585175827928e-06,2.9353466410583785e-06,-1.8334021381677614,-1.7450240954568719,34.4160876766207,-22.22257990234957,0.13970428541619584,1.2458123008813768,0.0001727922301563623,0.0,0.0001727922301563623,0.0032083960296721845,0.44345629600537473
Marin,0.012215409495225123,0.13969676202460868,0.0001469346167046299,0.0264058605995302,0.04635013194667652,1.1638987350977539e-05,8.100367775243672e-06,3.879935005947858e-06,6.810438871793935e-06,-1.8860301550092182,-1.8199477058828755,34.45429185297272,-85.73837235813502,0.11529383110111047,1.2116586003816399,0.0006395630296955054,0.0,0.0006395630296955054,0.003800378654769188,0.46140647836438775
Mariner,2.6500351833246203,0.7068990554625934,0.001529704734588519,0.07914535159103674,0.04064176305458696,0.00017388831771380234,0.00012541397892618534,0.00012106901904948187,6.216989736662642e-05,-1.988403041552883,-1.7847549422145943,34.418065918339906,-217.1749785470012,0.24844497380504826,2.8452942502161,0.022087675521016717,0.07476214135180924,0.09684981687282596,0.0032084342245145693,0.4434574541548827
Marret,0.019278276609565256,2.6535169733142205,0.0007509932007019527,0.04172342885336076,0.4284685111926321,0.00015667331918929722,0.00030434268195971334,3.13340113788456e-05,0.0003217769386205552,-1.6925348732408283,-1.52721562509753,34.31359076851288,-339.251307438491,0.5929292936683959,4.475267121476103,0.0013726405894457997,0.0,0.0013726405894457997,0.106094430212125,3.563181432309934
Matusevitch,0.23973498616778735,6.500389769810387,0.004270789565327279,0.26753413116156877,0.5217283408637342,0.0014644774257806536,0.002626702119625086,0.0011425819757337275,0.0022281919540963497,-1.7579274663960898,-1.533137300727693,34.22414683437794,-560.4942803351905,0.7502752161669295,8.664007059996113,0.04721808048974023,0.009746467787344617,0.056964548277084845,0.1442743907961926,4.7208796921729554
May Glacier,0.23861195635760132,2.6932743041316654,0.003665739398645097,0.1434758996635696,0.2621412181703728,0.0006028906967561607,0.0010236796535561714,0.0005259452581527979,0.0009609413914559554,-1.8542129635047258,-1.5857072658252285,34.28833229538487,-338.69148814232193,0.532571897488016,5.057109315822038,0.020806862522550016,0.015017917973375405,0.03582478049592542,0.04845285959435136,1.8153654320017796
Mendelssohn,0.43720357795418974,3.4745774517207626,0.0020548143662915083,0.23919215312586134,0.5397944068527987,0.0006433590637753626,0.00114979744433186,0.0004914954725472181,0.001109177302044934,-1.4582374793284059,-0.5200794500664059,34.245077741058346,-214.98192929200275,1.501591229365134,2.313930305246787,0.012895613902378205,0.010427567477565122,0.023323181379943325,0.1520124882878464,4.955515398016935
Mertz,5.306812637638934,1.3442430567891244,0.0020794882918199163,0.18157873786279816,0.09474522843523096,0.0003179815189499681,0.00026914881887163254,0.0003775908594291265,0.0001970215932368662,-2.029711199984578,-1.7257198298308216,34.34612560134174,-347.8399004767759,0.4028154937084838,3.3371185512589756,0.03372921340591178,0.08279668340135678,0.11652589680726855,0.01015280183689472,0.654025568362326
Morse,0.019259833524354213,1.5448701852889088,0.001674876316894604,0.05164058669664569,0.2353760540552845,0.00021501889519044744,0.0003749407052283223,8.649159564875441e-05,0.0003942257785013001,-1.7726365593882716,-1.49676126878436,34.2997864531586,-199.7711213628637,0.5164523824028195,2.991311954262513,0.019050183579865,0.0,0.019050183579865,0.0408122886123949,1.5836869390213
Moscow University,5.67985712039,1.225841436431749,0.0015659331339539027,0.18604130462491658,0.10460232749675087,0.0002646144271387454,0.000295615741109436,0.0002913282431961683,0.00016380025051585957,-2.308308143731001,-1.4441176581975579,34.16776259049,-740.8053609147078,0.9732976891164646,1.259472256165056,0.019594999199180518,0.09215052030990298,0.1117455195090835,0.011729668786015328,0.7018395549433972
Moubray,0.13576680805924615,0.21351986009573076,0.0004776007225928861,0.059459998588680195,0.05891843674001396,3.227803458797284e-05,3.288435361923873e-05,2.8398138291325648e-05,2.8139487961073914e-05,-1.8355889443600264,-1.4053261836738482,34.37539891034087,-49.20321182140333,0.49761519841166924,0.42908629153060784,0.0036835950290783374,0.007322406976003557,0.011006002005081894,0.005222846169181323,0.5045387430643625
Mulebreen,0.2756190627892086,0.8608068470650367,0.0015336525075390437,0.05319054289650937,0.14111637882147057,0.0001282050456763905,0.00021621420050991005,8.157580949059466e-05,0.00021642348823437793,-1.8971348581901155,-1.5604689623136163,34.19886697645815,-243.5587949692133,0.48031469831606954,1.79217261117124,0.005497757977500732,0.0012354707394554144,0.006733228716956146,0.018363822551451428,0.9030013202364204
Myers,0.10077184684110463,0.23866818460027941,0.0001541957500508178,0.040565739819913314,0.07146096953299043,1.7183185981090352e-05,1.167356546087923e-05,6.25506467789786e-06,1.1018977796498099e-05,-1.7875388215774746,-1.5013807917259598,34.2763760341079,-27.693620422891108,0.3795474873600104,0.6288229867107422,0.0007516378233545173,0.0,0.0007516378233545173,0.006803265233048305,0.5524604373800098
Nansen,1.8590250604846905,0.08380620933025296,0.0006234594769487724,0.040517906834511924,0.012189098479322254,2.5531328432137504e-05,2.1121918958754937e-05,2.5261273002103895e-05,7.5994089623953295e-06,-2.015470856060854,-1.86956264034498,34.53979130327108,-205.2740737539162,0.16151903406820156,0.5188627446525325,0.007989217544474346,0.014268860896398061,0.02225807844087241,0.0007739696977896214,0.36963927039636335
Nickerson,6.347300588913294,3.8741920926038746,0.003377156480057253,0.2823904845314665,0.3948665023678766,0.0008507600778153144,0.0014134595101273479,0.0009536768547419495,0.0013335259672292172,-1.624296042350611,-1.1462330019693012,34.16731615163603,-230.46867456815824,0.8827906800203209,4.388573849142466,0.022722952746497445,0.019883646630717223,0.04260659937721467,0.09322309136810018,3.172894843380006
Ninnis,1.753647041075298,2.631321330253699,0.003446334619733578,0.16372358594443195,0.3017162678190976,0.0005822528781402591,0.0010461397216925215,0.0005642462623072216,0.001039815219121764,-1.9183808963970803,-1.584061962403732,34.28560612630278,-478.6256768989079,0.6405517269155956,4.107898269081435,0.01436855818642864,0.015019475143205504,0.029388033329634144,0.06066716800273953,2.1857294494995356
Nivl,7.141814655203364,0.3251839835659777,0.0006082322321015513,0.0902661567416338,0.030878434228518877,6.685062846794965e-05,3.194414052055093e-05,5.490278599819242e-05,1.878125897461298e-05,-2.038907817690908,-1.5518003243604344,34.05414134367513,-291.5483385722506,0.5172540178825307,0.6286736735215223,0.009710825118563679,0.06595051721869147,0.07566134233725515,0.002275461145121973,0.41516771016382736
Noll,0.10623329297708269,3.821742855169031,0.0031529826014331883,0.20521733844476064,0.4710998889125136,0.0007904992351965533,0.0015327664842696603,0.0006470466976287565,0.0014853697532782632,-1.5840591119295577,-1.2050799940215433,34.31912257721707,-262.6591247985459,0.8570935868515233,4.458956307452902,0.015195407696970385,0.017283305236062498,0.03247871293303288,0.12314197910769699,4.080099663481949
Nordenskjold,0.21182721346086258,0.45518769043846813,0.001022312387215666,0.08085849698297898,0.09097654041666023,9.667122570990175e-05,0.00011373676397372322,8.266264307733997e-05,9.300644421397844e-05,-1.9431203412279545,-1.8285189907891988,34.480338336509476,-216.0848625707421,0.20740087480817615,2.194724062082518,0.006509970971523251,0.005702815558197057,0.012212786529720309,0.009574629734207737,0.6364941506515025
Parker,0.05241386607939503,0.13466338794441277,0.0004261017180319272,0.039161204264061555,0.038755150855581635,2.2147337661360545e-05,2.257832215682326e-05,1.6686656417115863e-05,1.6513636362149847e-05,-1.9088564619114394,-1.8473342948249487,34.47535031712047,-105.88800922800071,0.10444144827342661,1.2893672978554016,0.00278145019624241,0.008320321335745907,0.011101771531988318,0.003020305210259556,0.437752979108262
Philbin Inlet,0.08063867786960802,0.5507676949668744,0.0003982324779237616,0.04643130533175518,0.14151293192571926,5.0954438280392305e-05,6.249952024857534e-05,1.849045377549963e-05,5.635504553903577e-05,-1.819842428099351,-1.5734775293811134,34.12903089641691,-153.24650864493185,0.3945978247934434,1.3957697188401377,0.0014378641888363386,0.001302437071033457,0.0027403012598697955,0.018442548073196466,0.9053884468373073
Pine Island,5.688085712174944,6.995968424895628,0.003704500980215271,0.36824239069940395,0.6686696655650823,0.0015550306255465499,0.0028717009409286445,0.0013641542973027566,0.0024770874315260647,-1.4657787761535723,-0.8269767440717882,34.21913558080915,-386.8821520468835,1.3240313017420116,5.283839147678094,0.016712646283318363,0.010664852755916275,0.027377499039234636,0.20925230362913605,6.691149317009103
Porter,0.05418630831434298,2.1969317334857816,0.0024660497910346324,0.09019976374814896,0.30645085446474185,0.0003457793080275443,0.0007102962342133822,0.00022243710854249595,0.0007557230656151612,-1.752465688059722,-1.5162861455755348,34.23567950222391,-267.43040596876995,0.5447621249934622,4.032827600692959,0.00588796610374775,0.00012876824410168792,0.006016734347849438,0.06219783524666333,2.2321425619703588
PourquoiPas,0.18479612616048263,4.994681084181634,0.003517777578326612,0.218070767721306,0.45901658880336943,0.0010482280902462194,0.0017728760770669926,0.0007671244571784809,0.001614718264172459,-1.9276448741970593,-1.5940916163226153,34.216987752900785,-694.6414668802493,0.7909988418885989,6.3143974677083845,0.038575018641890356,0.013563811235270905,0.05213882987716126,0.11823472987844845,3.93130134607913
Prince Harald,5.0564147607718,1.2406989894454017,0.00203749250749692,0.1528458880553216,0.1993293516444839,0.0002722231843947279,0.00041636270508669523,0.00031142235171443075,0.0004061320604998548,-1.8308504864879853,-1.4438445006828857,34.21706459705282,-238.9393721563408,0.5944610435601003,2.087098898886831,0.010970374170298681,0.010144209253545915,0.021114583423844598,0.031373060310575775,1.2974692999170332
Publications,1.4886581106190446,0.6537342635103001,0.001437410474934197,0.07763088947115102,0.11706629029805318,0.00013137968582186877,0.00019329766224176936,0.00011158745370429134,0.0001682723119361092,-1.9309890446353846,-1.5403114334284929,34.124034549989524,-261.0131067895662,0.5094895101877699,1.2831162377992227,0.009421772550475537,0.014244008099896139,0.023665780650371677,0.013855580251456747,0.7663017483693227
Quar,2.112263078026181,1.0261869878034888,0.0015566444819504308,0.15551641123936863,0.13491933466144995,0.00022705481603907407,0.0002611947989439766,0.00024208376340849712,0.00021002143780916955,-1.9474091744140474,-1.3739439330130538,34.184231769738815,-309.79243846791854,0.7164093235361444,1.4324031724465902,0.018405529414583264,0.031125811765376838,0.0495313411799601,0.017151874550990296,0.8662524585373904
Rayner Thyer,0.6146339742906809,0.2898711855996325,0.00093216345238097,0.04301053072970864,0.04956595176841371,6.13704102436072e-05,9.055115747420084e-05,4.0092844813743004e-05,4.620356872099317e-05,-1.9211301063391313,-1.602074121679276,34.25557944600718,-154.17279674680705,0.37391940506745347,0.7752237024107934,0.00808428065950141,0.01041701199219678,0.01850129265169819,0.004148809069553997,0.4719716355491768
Rennick,3.2082634745874197,0.2531929371234695,0.0006655596787078595,0.09499803424358046,0.018594441961550846,6.521734699968843e-05,3.46845592515943e-05,6.322686114903565e-05,1.237571081768172e-05,-2.108410161256519,-1.6867789641608546,34.238275002756296,-361.4871951513656,0.4459944665064435,0.5677042119082245,0.009988697568189082,0.09427585072287102,0.1042645482910601,0.0012460336113017246,0.3839532603234547
Richter,0.0940173449775226,5.4370163467648345,0.0032473035414304846,0.22334474063024543,0.5735093485858564,0.001037838545838658,0.0019112266991091777,0.000725268167208469,0.001862358938706342,-1.4725045407422641,-1.0137479673175092,34.1698076525647,-264.8353325754207,1.0415707569685737,5.220016317075692,0.004348279397094481,0.0017734178415112747,0.0061216972386057555,0.16668448710029898,5.400401857668672
Riiser-Larsen,42.85137000983436,0.7854089420762901,0.0013906789293327156,0.13723233334601861,0.0802933335805442,0.00017865673232798752,0.00020955925277137821,0.0001908461144074715,0.0001116622471763458,-1.9734723793979367,-0.6613825084097917,34.417181697995986,-277.11830355058146,1.4173838773779721,0.5541257768003001,0.012078296080629734,0.08093080855705621,0.09300910463768594,0.008010951117971862,0.5890800625982866
Ronne,332.37580573168515,0.2789158050380406,0.0008286490293231691,0.09056688620327336,0.013575340990512878,6.567677217284945e-05,1.99472846523834e-05,7.504816234116439e-05,1.1249193134519525e-05,-2.284838914348653,-1.6267144264137163,34.30383927688969,-572.1642593820517,0.6701214137587372,0.41621682177501373,0.012046141281755712,0.13240444274655053,0.14445058402830624,0.0008723408964305882,0.37262209603958335
Ross East,188.7537727469319,0.14534510333310754,0.0011979292474842548,0.036744683039913094,0.0230833021682409,3.3938867888985857e-05,4.035263602733479e-05,4.4017530503050555e-05,2.7652162795852488e-05,-2.0640599061001366,-1.8276855465577055,34.475789712674455,-289.4070713817361,0.2637732483862396,0.5510229116194553,0.016176655142276865,0.027135519682654808,0.043312174824931673,0.0016033924767398298,0.39478914727397607
Ross West,301.6484532704186,0.1479781238078071,0.000786139240882653,0.042279917279428855,0.015697523505831545,3.3194433674120236e-05,2.4230270700087576e-05,3.323790207463156e-05,1.2340439212612012e-05,-2.130996739694745,-1.6404727239684675,34.30799787529418,-380.56763421992827,0.5107951245646658,0.28970151963357926,0.014008520233676785,0.06123499677589071,0.0752435170095675,0.0010270004678318585,0.37731170582291895
Rund Bay,0.08128051494966496,1.8058036916938867,0.000584066008795028,0.20794499723335877,0.21165230573705726,0.00017566391215404642,0.00014176155809392967,0.000121453604582981,0.00012361891746410806,-1.6634792301228913,-1.5246988453448325,34.23977213635126,-31.862188364272008,0.3573152917724005,5.053810271417467,0.002429442612343265,5.149003017531844e-05,0.0024809326425185834,0.03448626309511472,1.391868282816074
Sandford,0.01931689998391843,2.390396463921022,0.0006330446761519031,0.04712288610103414,0.394486141463643,0.00014917354160195857,0.0002937251662774073,2.9830892171172173e-05,0.0002497273516692657,-1.7321283570105266,-1.496540726858126,34.298766528789905,-350.19357423602503,0.6310862752765136,3.7877490884644223,0.002020968124878922,0.0,0.002020968124878922,0.09308050361880256,3.1685712771239283
Shackleton,25.263049846924208,0.739079781509494,0.0013107106287250905,0.1252807505852385,0.07111435944297193,0.00017381506315750675,0.0001783488099941593,0.0001642068113667292,9.32103467768798e-05,-1.9686516847298279,-1.5095329155399064,34.22559018714412,-252.4678860407178,0.539553786404295,1.36979815568506,0.018286274709733753,0.06815306088803592,0.08643933559776967,0.006757458729998195,0.5510714860018449
Shirase,0.6512521453305816,1.7186316791307898,0.0018244447451110023,0.14598600441589696,0.20145709661976358,0.00032566529071775276,0.0004550653511014175,0.0002663433986163348,0.0003675473412932471,-1.81740780593197,-1.5130718118195445,34.03057228118419,-228.7801580342228,0.5068725084719978,3.390658697019737,0.018364800926816353,0.002227938026133254,0.020592738952949607,0.03190197434283945,1.3135071073270366
Skallen,0.03151486246008432,0.4855646412594127,0.00038889368626556967,0.08709283119009589,0.11254783597526384,6.660075952846957e-05,4.599456975138578e-05,3.386985216882137e-05,4.376914281363305e-05,-1.732133930822207,-1.4630983185391482,34.130600606691715,-19.351951492356104,0.4031727511279626,1.2043587764821433,0.0014936480367332815,0.0,0.0014936480367332815,0.013068021330731075,0.7424212734260305
Slava,0.25861023564250346,0.7397243331902909,0.000828215233092783,0.06672674371175316,0.16735694470949905,0.00010977585829215115,0.00018298728784524679,5.526410559675204e-05,0.00013860757097227376,-1.8903672196658936,-1.6649731003115165,34.203333013354715,-270.0129425083939,0.39619673069859007,1.8670631932928348,0.005036178136900075,0.0018376311989727668,0.0068738093358728415,0.02387152145354892,1.0700065590388026
SmithInlet,0.09135621205069208,1.6259110062182993,0.0009604379025641308,0.051908580200679025,0.259188126061536,0.00016103583886632977,0.00031230352368383533,4.985496789302213e-05,0.0002489341001640692,-1.7836726153043203,-1.3854092300913254,34.3601580861469,-244.6335320826551,0.6653858987339485,2.4435609611083935,0.005520229367035098,0.0,0.005520229367035098,0.04758451404955306,1.78903533341618
Sorsdal,0.12908886755130183,1.2799131014353662,0.0020204595710406905,0.10219378871953003,0.1715116150531744,0.00027460490841921107,0.00039627559719920076,0.0002064784185192846,0.00034653228417883274,-1.7214035574531037,-1.487303018692182,34.22340461787012,-62.34268109173674,0.4169738248372268,3.069528649514159,0.005556107099022671,0.005942999510411525,0.011499106609434196,0.024798120539439687,1.0981030298815213
Stange,7.797918745130047,2.048213934006034,0.002507629899261682,0.19755975463984352,0.23843516982301513,0.0004565019017185406,0.0006711466878902014,0.0004954067476256734,0.0005979071608837295,-1.7498540197015255,-0.649872162045918,34.15954588892343,-203.54883507418623,1.3582226171141734,1.5080104750117405,0.0251178722467599,0.039766556179579755,0.06488442842633965,0.0416590467564552,1.6093624613347652
Sulzberger,11.963173106292514,3.8648699714065993,0.0023559166456162805,0.27250822277966935,0.49601034111481196,0.0007830480367365851,0.0014346649851942413,0.0006420066581139327,0.0011685590190301947,-1.586224496608237,-1.1334774788123836,34.1744541525937,-311.59794448874317,0.9576924436413905,4.035606626185103,0.009508568435929392,0.00201106252283245,0.011519630958761842,0.13343052786675516,4.392070519728667
Suter,0.0362316907180634,0.20389520266336877,0.0007191284664319689,0.04927419435552104,0.02823688437191923,4.324288930555052e-05,2.6802626174494467e-05,3.543447582155662e-05,2.0305947355195105e-05,-1.8814526596310799,-1.8392194009779845,34.35852292210192,-62.94529868363759,0.07321777788007311,2.784777257203004,0.006271713098251298,0.0,0.006271713098251298,0.0020404288577309123,0.4080410273186439
Suvorov,0.20132867523621067,0.9346909368420345,0.0022629259436823903,0.07039233753828736,0.17625856782656615,0.00019381118551332362,0.00039528183532258675,0.00015929264685183827,0.00039886008593103883,-1.8969278967291692,-1.737121580418607,34.20244768583571,-289.1899081438707,0.33859145777151367,2.7605272235567657,0.00920892059521645,0.003149688705288376,0.012358609300504825,0.02587468671728662,1.1307468244704784
Swinburne,0.8222666746949006,8.314045501870806,0.00388477097332829,0.31166856293966616,0.7437027677056065,0.0016763944892539786,0.0032431962088337353,0.0012107609866069563,0.002889114924766652,-1.298158640753214,-0.9823986000374125,34.180878869409796,-259.5026668950596,1.0694930250260861,7.7738192838312505,0.010721451583319021,0.0005841026922787688,0.01130555427559779,0.2433449283916094,7.724910791821852
Telen,0.01969294116499531,0.5857679808423998,0.00016440287760998803,0.02028197079036084,0.14863128195038786,1.6674242096537926e-05,1.7969901675851192e-05,3.3344143615370453e-06,2.443541045550524e-05,-1.7050225097370684,-1.4547658411905258,34.08260649047965,-26.925338845418164,0.4145329116281775,1.4130795514924386,4.469516536424808e-05,0.0,4.469516536424808e-05,0.019879505385001935,0.9489600732592801
Thomson,0.0642953120176115,1.4955593529850413,0.000588568061982834,0.07404247886619371,0.25654259914871086,0.00013728891101026894,0.0001790046204438209,4.357903829068058e-05,0.0001509927803969958,-1.7040915898317917,-1.249247695920643,34.11127323897861,-158.94139205757486,0.7221492780569521,2.070983657297369,0.004466163678077598,0.0,0.004466163678077598,0.04681186188353315,1.7656068632345236
Thwaites,4.092004158854735,8.352289712951434,0.005409212238083016,0.338451601309921,0.6736077785840962,0.00190507178238501,0.0036948005122352007,0.0018307565438044186,0.0036436874395850073,-1.413167271098094,-0.7157202396822105,34.22089628313695,-322.63490905852024,1.3864960142501292,6.024027207513233,0.009808048796693891,0.004561179125377066,0.014369227922070956,0.211490694158814,6.759022116809305
Tinker,0.10090209360626091,0.11586590095460159,0.0005209941596040666,0.032171495887599405,0.036283828862266006,2.025764725990782e-05,2.2068370544559652e-05,1.676116146316554e-05,1.8903662925314054e-05,-1.890998571411866,-1.8232220052491823,34.47332426542253,-79.4640524870415,0.10832962182254025,1.0695680369345963,0.002911287324462146,0.0022083988735518384,0.005119686198013985,0.002779541658912534,0.4304525120525364
Totten,5.916827517626243,1.2392165209980437,0.0022741771386996035,0.10697370215612523,0.10706159848016474,0.00027143454559619976,0.0003399520796266419,0.00024327714788552048,0.00024347703969622686,-2.297109754183245,-1.3707598997348407,34.11387355661171,-735.3834722702628,1.0394577153896967,1.1921759804663692,0.0298084942579153,0.06501992342076654,0.09482841767868185,0.012137536745430586,0.7142069859109914
Tracy Tremenchus,2.730981108902964,0.8481043257125028,0.0012077729467367996,0.12188240313249185,0.09956576949191323,0.00018628459671455116,0.0002135736607685129,0.0001472062691866922,0.00012025284281336498,-1.7699627356084353,-1.501007120455995,34.113582260245146,-49.76967331184137,0.3874417897682896,2.1889851536658282,0.01380048427125799,0.032837596974996906,0.046638081246254896,0.010912325666242772,0.6770559592299286
Tucker,0.41277800788217905,1.0292958139186763,0.0012810270943201234,0.11423859092151124,0.13984731201939013,0.00022968710844447477,0.00029521699037142625,0.0001463427301874088,0.000179148195764679,-1.978438397229223,-1.7030002222305909,34.3961997954645,-338.97836898713575,0.4216457049100957,2.4411390936334696,0.015922469543652777,0.017318110001240325,0.0332405795448931,0.018112826527514208,0.8953905826741111
Underwood,0.14277432667906684,2.6599059476287157,0.0015960552729005822,0.20268577129693607,0.33455575182508046,0.0004187852139286669,0.0005419056174750542,0.0003234976940203963,0.0005339694717796383,-1.7858339937968088,-1.3532591821536635,34.20686599986078,-359.60282513469247,0.776289929765902,3.4264336630398344,0.014026237997611747,0.0030459016297113934,0.01707213962732314,0.07157198553100033,2.516386896062209
Utsikkar,0.08931299112891655,1.044486937554583,0.0011439675740023442,0.14027170980701859,0.16066022755142986,0.0002005984759581066,0.0002407741699227475,0.00016046628756909587,0.0001837900907506738,-1.7550010882208025,-1.581393495382138,34.29522716320327,-84.1630145469485,0.34358250699067616,3.0399886964644782,0.007864280188516799,0.00036384616502663225,0.008228126353543431,0.02240901073517881,1.0256600985452147
Venable,3.1339502178650633,4.831692299790515,0.003381056355586474,0.30399680793374495,0.5239930550984422,0.0011145406114794938,0.0020644591839796065,0.001027830339542389,0.0017716500492237614,-1.5496923020533988,-0.6975802463476058,34.220540304878426,-310.60991942035565,1.3954646997093554,3.462425313085204,0.014900452590145009,0.012123254018806295,0.027023706608951304,0.14523922052549065,4.750135398087398
Verdi,0.09953754300074057,4.828701252232768,0.0012991244658459582,0.2733854144939984,0.6792375399208087,0.0006711606531514515,0.0011734938606347755,0.0003551616805745915,0.0008824141062321433,-1.353869137879917,-0.39947072446534315,34.25948923022986,-255.8692397347327,1.65413665309589,2.919167073164933,0.004732340662927085,0.0010626769647589316,0.005795017627686017,0.2140445120786664,6.836459351332116
Vigrid,2.013369110108174,0.8239315492749856,0.0012749706753210717,0.2143811403232405,0.11047146077051458,0.00017834873986850868,0.0001605589765358906,0.00027332966725402335,0.00014084787294228824,-2.0084568497094533,-1.566075856635698,34.081773943726645,-355.72376443962924,0.5533910428952784,1.488877638792761,0.013989338662599068,0.028843979530773764,0.042833318193372834,0.012712526403789575,0.7316419050868697
Vincennes Bay,0.9070001725411082,1.9274382325813055,0.0022404671732939967,0.10057474313062048,0.24626890193984424,0.0003250998537008848,0.0005549884657740386,0.00022533441044663108,0.0005517573905993793,-1.8604222200187694,-1.4209416596068154,34.21324382441491,-334.2849916921635,0.6897041170625706,2.7945871061205314,0.012908266188156698,0.003759384679752395,0.016667650867909094,0.0438589656445508,1.6760687184818943
Voyeykov,0.5827976507084118,2.2043989018571106,0.0020664101940611984,0.1938095291361113,0.26429100854586035,0.000421162628872958,0.0005247729025617173,0.0004004899867130612,0.0005461336342578811,-1.7107986652763407,-1.4597145348311298,34.21544743531212,-167.14888760593595,0.5238662724497785,4.207942022204607,0.011989870120957521,0.004843521626914713,0.016833391747872233,0.04908886741827118,1.8346505527758041
Walgreen Coast 1,0.08866512180379328,6.554850296724998,0.0030074078386814968,0.34598267730280385,0.6242969420395629,0.0012979875210836491,0.0022595768722462133,0.0010405110157684632,0.0018775155171546695,-1.4982826293136449,-1.1736112127669929,34.12310081930899,-364.91531261749486,0.9552060868355328,6.862236733059691,0.011013403583842408,0.0,0.011013403583842408,0.1892401265951722,6.084337204742055
WattBay,0.07749068986019725,0.5913898632556144,0.0009299410361360827,0.03596827516380595,0.12359222062827908,7.477292977575371e-05,0.00011423126812851133,3.344837507385743e-05,0.0001149334777094212,-1.916395550114971,-1.7078086024374002,34.346504245443576,-234.3265613275341,0.334364652723137,1.7686973142621665,0.0034291063070371218,0.0021922278374571494,0.005621334144494271,0.015026552223505673,0.8018081290373822
West,15.06395007719137,1.3911098649185545,0.002564740269092113,0.13194247008914387,0.1627873292942956,0.0003167048995321628,0.0004923564859543642,0.0003383981662411089,0.00041750721873903807,-1.911162366992641,-1.4562938174808946,34.235884742623966,-295.199051922086,0.6258980913613788,2.2225820530827605,0.019778109043744645,0.021731905766962933,0.04151001481070758,0.022869380533082663,1.0396194978157625
Whittle,0.06546246552967255,1.7883155032899858,0.001048319882104761,0.1452425105329186,0.25493071399841416,0.0002683126854947164,0.00027658658160633514,0.0001522606115184687,0.00026724893604370006,-1.7015804958245582,-1.4228031899628604,34.14395236441808,-147.73442971418265,0.5419279958214631,3.2999134886530976,0.0027420342014601823,0.0005567832915516383,0.0032988174930118205,0.04634354258088164,1.7514064179368887
Wilkins,12.702893115737012,1.3756809287466878,0.00164286780346458,0.17299183409311575,0.21563682267856027,0.00028658968021864683,0.00041925603820264034,0.0002842027144938661,0.0003542627932200074,-1.6802421361378919,-0.7854657948443555,34.15591832577726,-81.52799672722853,1.129564355234369,1.2178862783442321,0.01366284481641895,0.018368078636295127,0.03203092345271408,0.0355184931015397,1.423167709634112
Williamson,0.10019598136643179,2.9666336026348787,0.0014103300727080856,0.2759385930324023,0.33821170259229805,0.0005762134285119235,0.0006521515556965426,0.0003891644959743548,0.0004769901351077211,-1.5524356651546107,-1.4142464230043357,34.13097554472238,-67.35970533316728,0.4885799188033806,6.071951565059599,0.007045049866718665,0.00017622729908405667,0.007221277165802721,0.07282652847258031,2.5544273276963017
WilmaRobertDowner,0.7974646365783934,0.5321749598637782,0.0011536681960671762,0.06134856647117438,0.10203182254438657,9.195498761816692e-05,0.0001360776286127079,7.0775890012107e-05,0.0001177108686562287,-1.9052221173977526,-1.5378404826593848,34.22752926530822,-205.47313431128865,0.47559374067407467,1.11896964646656,0.009599197695250547,0.005552372529795638,0.015151570225046184,0.011309497068269551,0.6890990476448924
Withrow,0.6215453928814576,1.7678916832962486,0.0027187861406616216,0.16055673577116655,0.24140271479050057,0.0003846984687453572,0.0006431515979636347,0.00043651942800451764,0.0006563223552905032,-1.7847740535425352,-1.2741559516279553,34.13687422128413,-239.95126185702793,0.7603487892584384,2.325106198985939,0.011324416661813917,0.008481004506079127,0.019805421167893043,0.04248709432604245,1.634470638916148
Wordie (Harriott),0.06663971396510211,0.21206369612525494,0.00023359850969236599,0.06798712360067671,0.06752096018425682,2.6698174150909714e-05,1.8608790229707312e-05,1.5881690751388762e-05,1.5772795672039974e-05,-1.7991895120019108,-1.7238906324012346,34.406237787692824,-12.51085551785531,0.15288568254634427,1.387073613390659,0.0015748233618452854,0.0003447428066598492,0.0019195661685051347,0.006289679400924546,0.5368874138607531
Wordie (Harriott Headland),0.0392184852409606,0.13077055551460862,0.00013715218954031812,0.1260723211264328,0.04325223287585769,1.5148291691224261e-05,7.064222192773225e-06,1.7291094882920362e-05,5.932138441431612e-06,-1.8357888301678527,-1.7524418077883266,34.40904734845155,-23.27218806291922,0.1326840261892932,0.9855787412423351,0.00035807026551329743,0.0,0.00035807026551329743,0.0034749056962208678,0.45153744047174266
Wordie (Prospect),0.1611378107646596,0.19503377863648041,0.00048801877321487353,0.060308005910074236,0.05325131968662697,3.330212431357996e-05,3.2215363967101435e-05,2.9431439059269773e-05,2.5987643705540738e-05,-1.8986481012824932,-1.6792520309403436,34.330361395937096,-112.46274321711157,0.26926271621629283,0.7243252291929421,0.0013699353917626554,0.0019366001276137652,0.0033065355193764205,0.00456128695988281,0.48447884950541403
Wylde,0.10873420924499203,0.3926768243582604,0.0011510383510256158,0.07512894023337824,0.05578701994221094,8.444933761891098e-05,7.381039521183094e-05,8.647629148052973e-05,6.421299944291562e-05,-1.9073236224388452,-1.836552074445333,34.40227144460153,-126.59657508504948,0.12681739153667704,3.096395688320823,0.009670386223189758,0.02878006581788823,0.038450452041077984,0.004853221895003112,0.49333094262473043
Zelee,0.04253418875581791,2.7054899482103045,0.00033955574048686975,0.6882489169447302,0.2098495320535591,0.00035452812179930925,9.272281242570734e-05,0.000233698870632454,7.125561324726937e-05,-1.6630572428557988,-1.5179732360605394,34.32081847597638,-32.0527018466275,0.3688055231753977,7.335817329730225,0.005383906633713778,0.0,0.005383906633713778,0.03402331868912803,1.3778308159086892
Zubchatyy,0.24810860936176615,1.0420831412351024,0.0024009380225964057,0.061556579566623776,0.16710258299149977,0.00020426064893398418,0.0003960317216673337,0.000147793532422488,0.00040120294517836323,-1.8378179278633484,-1.6119625416494485,34.228630403209806,-198.80072718440212,0.3964567447208407,2.62849139309982,0.012379135503876822,0.0032951154568737653,0.015674250960750587,0.023815269221330086,1.0683008707573869
