,ismr,A,bmb,ismr shallow,A shallow,bmb shallow,ismr mid,A mid,bmb mid
Abbot,2.7081977792809697,29.022911323399068,71.99740213877686,1.8647271107974983,30.126294731328677,20.743432759294137,2.994514749932409,66.44254418575112,73.46700455536637
Abbot 1,0.6791972977889251,0.1954565771813995,0.12160227841591799,0.7450020130949316,73.47067936708484,80.58896024780819,0.4248754808296825,14.284949313938444,8.936025994428217
Abbot 2,0.6926651995379629,0.29123975963754273,0.18478618794001786,0.9188356632699198,56.15845530793735,74.4954294881602,0.4029540598260888,43.841544692062655,25.504570511839788
Abbot 3,0.5923650353675262,0.2952637374275552,0.1602119854658438,1.5665428830888553,17.55828889487112,46.43388935069872,0.38488637127887243,82.44171110512887,53.566110649301294
Abbot 4,1.0783593831524818,0.3670880522896079,0.3626012065967754,2.3320368680687436,18.467159840261846,39.93668369640318,0.7944018703671163,81.5328401597381,60.06331630359685
Abbot 5,1.2814819320029245,0.5309491138400863,0.6232479537183159,1.708338962625436,20.296798064497075,27.057588627821342,1.1727807663964682,79.70320193550295,72.94241137217863
Abbot 6,0.6425301472200334,0.19976228468345952,0.11757161381099296,0.6425301472200334,100.0,100.0,0.0,0.0,0.0
Ainsworth,0.4769455604891626,0.0896246874796224,0.03915542467212923,0.4769455604891626,100.0,100.0,0.0,0.0,0.0
Alison,8.329458129768499,0.05235973400230096,0.39949344224511146,0.0,0.0,0.0,8.329458129768499,100.0,100.0
Amery,0.19602146656495573,59.13265893635184,10.617603802355507,0.25671797074482344,1.7361920001152227,2.273790186878753,0.2693518643498488,34.94416825208471,48.01656181740133
Andreyev,0.8360932501923759,0.0785027883176757,0.06012225671325962,0.510023341213286,29.992568709965266,18.2956985976216,0.9319999654259784,29.998801287684863,33.43990847493393
Arneb,0.07488440556286946,0.00400334678706318,0.00027460603188070456,0.07488440556286946,100.0,100.0,0.0,0.0,0.0
Astrolabe,1.0664143167888396,0.07728310617844827,0.0754928827611421,1.0664143167888396,100.0,100.0,0.0,0.0,0.0
Atka,0.695608066499243,1.946635324307072,1.240351234454258,1.0557051148844636,26.467294514819624,40.16868052877734,0.5376851969465738,69.2508044066317,53.52889680172933
Aviator,0.33578257204956935,0.7662140908580338,0.23566970576274263,0.21301434435513394,35.270483332392125,22.374951851369687,0.40588922964151675,52.63200420594952,63.62082317508811
Bach,3.144879718386172,4.4860029047676,12.922872629471746,3.5783737707197973,25.71172637770679,29.255862070656384,2.994844189001882,74.2882736222932,70.74413792934375
Barber,1.5904681898085824,0.01979572468221076,0.028839774887558577,1.0680750906175263,19.99996038959316,13.430925335282918,1.7210661412908315,80.00003961040684,86.56907466471708
Baudouin,0.5970254457809503,32.37188547928645,17.70338485288147,0.42959552473812485,38.79871892917001,27.91799936724841,0.6458643341753384,57.80919430112542,62.53820008905946
Borchgrevink,0.9833234642934756,20.425949779890068,18.39814918032628,1.630421393772434,6.496478725749009,10.771631394211687,0.8283919974982098,61.81834176840839,52.078305338064204
Brahms,2.8218826523755887,0.2227951610644196,0.5758908488374743,2.8933491141663605,82.13735178707908,84.21754669105383,2.4932602754964224,17.86264821292091,15.782453308946156
Britten,2.237501784433496,0.020011302356546766,0.04101419745415623,2.237501784433496,100.0,100.0,0.0,0.0,0.0
Brunt Stancomb,1.0119432866601954,36.00417960139504,33.37371606083531,0.6849580448118903,56.96149017431134,38.55574858165878,1.3439014698337068,40.98597682176638,54.43102910947778
Campbell,1.882490999069923,0.06878314642620435,0.11860702709609502,0.0,0.0,0.0,1.247973648419593,35.295964296683294,23.399014050841373
CapeWashington,0.12271877869465664,0.01617982682632406,0.001818780826257658,0.12271877869465664,100.0,100.0,0.0,0.0,0.0
Cheetham,0.20750993033816917,0.08538377870682089,0.016229671485859236,0.20750993033816917,100.0,100.0,0.0,0.0,0.0
Chugunov,0.8933529074242922,0.01982325436909767,0.01622159232352415,0.0,0.0,0.0,0.8933529074242922,100.0,100.0
Cirque Fjord,0.6229380458107201,0.06591585950410388,0.03761233098399714,0.7237882753715025,17.6489047530813,20.50616496991103,0.5854819417052985,76.46959230548826,71.87161818983468
ClarkeBay,0.2690447503876304,0.012118444973635697,0.0029865300667645334,0.2690447503876304,100.0,100.0,0.0,0.0,0.0
Commandant Charcot,1.0456014011133428,0.015424317869000123,0.014772962551540394,0.0,0.0,0.0,1.0456014011133428,100.0,100.0
Conger Glenzer,3.5193581912081626,1.5295572567382594,4.93088283214809,3.5193581912081626,100.0,100.0,0.0,0.0,0.0
Cook,3.489451549134556,3.3300939285867526,10.644104498769495,3.049498803264442,7.396796194408981,6.464202418410293,2.6530847375607776,59.68069558035538,45.376168816707725
Cosgrove,2.9497220981398744,2.9278141849682218,7.910794191793708,9.651570034353883,0.2746313483930795,0.8986011578230902,2.9942380201812644,95.32803155043209,96.76668071115608
Crosson,0.5076279750795072,2.8393617463315537,1.320266939688587,1.2823245381956978,15.68738623916746,39.62807666675033,0.4658174430327482,59.62688844604763,54.71574868896162
Dalk,0.5177541199408846,0.0314413222699533,0.014911448713758182,0.5177541199408846,100.0,100.0,0.0,0.0,0.0
Dawson Lambton,0.6526679729961598,0.024432488241298844,0.014606813159342138,0.6526679729961598,100.0,100.0,0.0,0.0,0.0
Deakin,3.000786028280355,0.05865661463900721,0.16123060990226135,0.0,0.0,0.0,3.000786028280355,100.0,100.0
Dennistoun,1.8747705873744875,0.08747731665772203,0.15022390870442492,1.6360851652664803,49.99954507640333,43.63387953730245,1.9255931038425322,45.45510390689472,46.6873308163749
Dibble,2.560469329518616,1.4091223432954423,3.3049413200574005,2.8423886771343785,1.3648394291106694,1.5151144732282613,1.7760169406259072,18.29767511644613,12.691806383397338
Dotson,0.7164382211425657,5.0863335821698135,3.337944105912654,-0.57910149480596,1.2713722317949734,-1.027658126213717,0.7673394305187258,63.56044508253819,68.07626155870066
Drury,1.742366766006377,0.054999499749804504,0.08777963926810846,1.177505125748464,21.431192513862662,14.483367984466605,1.896443923893742,78.56880748613735,85.51663201553339
Drygalski,0.8412433114591835,2.236993038566324,1.7237795752308025,0.4815142515803274,21.41542869265725,12.257849754942212,0.5987733403260779,49.37154383236065,35.1412769823755
Edward VIII,0.8292805855916481,0.3939447809375312,0.29924873490201087,0.8686917948550454,38.24996994195714,40.0677835938053,0.8620521759926776,53.91083542526833,56.04128903461424
Ekstrom,0.7713446902248792,6.743608888095494,4.764708568447753,1.4515317685018463,15.057733530041556,28.335942228523837,0.9272688864256877,54.831317224921285,65.91524529660465
Eltanin Bay,3.239454796217329,0.008048973775779985,0.023884046619561426,3.239454796217329,100.0,100.0,0.0,0.0,0.0
Erebus,0.2466794366981162,0.004097392369637544,0.0009258400765727873,0.2466794366981162,100.0,100.0,0.0,0.0,0.0
Falkner,0.030805701408619303,0.008059990036857543,0.00022743698013160196,0.030805701408619303,100.0,100.0,0.0,0.0,0.0
Ferrigno,10.871675048519194,0.1126589196770636,1.1219087080983745,8.947206383260827,17.858034833858802,14.696863412943786,10.802244515959899,64.28187904953671,63.87135122595819
Filchner,0.06813397888487092,100.9451532551291,6.30006016542017,0.06811839320193218,0.12599932542785985,0.12597050301694585,0.7627422261233358,1.2891332966752913,14.431512977354688
Fimbul,1.4660165777897947,39.923782238291786,53.61249677421556,0.9258077190635328,24.644834987020868,15.563520093633226,1.4431583879117587,70.22428238392804,69.12934252778973
Fisher,0.8421215119120491,0.15161626454999888,0.11695425522690485,0.682696435095329,10.253082887114767,8.312034589731777,0.845876269700084,87.1826925381366,87.57141303649576
Fitzgerald,0.30056228213076774,0.3101880774056456,0.08539944617427316,0.20416277562282334,62.334766493003656,42.34210245806962,0.4601004070463439,37.66523350699628,57.65789754193039
Flatnes,1.9990205758911754,0.06283706674966184,0.11506113185487862,2.0046404066304198,93.74908487265655,94.01264093370838,1.9147362785986388,6.2509151273434425,5.987359066291619
Fox Glacier,6.715158299962638,0.01923861289002616,0.11833834322185625,6.715158299962638,100.0,100.0,0.0,0.0,0.0
Fox Ice Stream,4.327060230749265,0.024119176523755503,0.0955984586534772,0.0,0.0,0.0,4.327060230749265,100.0,100.0
Francais,1.5069897634571279,0.0656059880349303,0.0905626779893598,2.664877898536133,5.880238536881397,10.398290748244673,1.434649392769328,94.1197614631186,89.6017092517553
Frost,2.2694743308866467,0.19743372453624863,0.410432825215907,1.7600413071793266,7.840519126655241,6.080543562372662,2.3689822642468883,64.70195643889508,67.53889443901929
Gannutz,0.39593460246282064,0.02770142611278712,0.010046645072227524,0.3300960944492007,71.42419819630297,59.54733111759077,0.5604956068264948,28.575801803697047,40.45266888240923
Garfield,0.49594173142783665,0.02836264434499246,0.012884656553003988,0.49594173142783665,100.0,100.0,0.0,0.0,0.0
GeikieInlet,0.08660120323030378,0.27221957316968526,0.021594281002670353,0.07186796426661536,43.27642337814054,35.913917277292484,0.09784171246995185,56.723576621859436,64.08608272270759
George VI,6.969133755348661,22.785122252804697,145.45398918437877,6.086103664501122,32.967996073796144,28.790757755509773,6.917888629489567,62.73845250832307,62.27712689629453
Getz,1.9918550241644783,32.54125304620231,59.37279186937997,2.0596503634355616,1.141493482305887,1.180345676351046,1.9604055192068144,43.0478954192787,42.36820990804371
Getz 1,0.7798431472481809,0.5074078655151939,0.3624598688521749,1.3444270639936853,21.422044302554,36.93098570918103,0.6259254031470225,78.57795569744597,63.069014290818984
Gillet,0.901891715874445,0.12209573926084902,0.10086729637716017,0.7436539088859958,38.7028675286974,31.91241056572634,1.0018027008584935,61.2971324713026,68.08758943427365
Hamilton,1.3909753294334066,0.18014816522617624,0.22953279458063072,0.0,0.0,0.0,1.8352761616078848,43.18010331271495,56.97255198470823
Hannan,0.37376381285826066,0.3225001642005302,0.11041362417340882,0.3235949530566578,77.11419224048728,66.76345477973167,0.5428088009084974,22.885807759512748,33.23654522026836
HarbordGlacier,0.3471025032610489,0.06510580427132813,0.020700123077692124,0.3471025032610489,100.0,100.0,0.0,0.0,0.0
Harmon Bay,0.49029354993144636,0.02825897313994579,0.012691356108512493,0.49029354993144636,100.0,100.0,0.0,0.0,0.0
Hayes Coats Coast,1.2540800287899574,0.008148292187448497,0.009360247218938347,0.5392403594370876,49.9992557968598,21.49911971208122,1.96889841902248,50.0007442031402,78.50088028791879
Helen,2.225723204924126,0.24686784819345828,0.5033049004188617,5.163634205525689,21.868499727096182,50.734490688033475,1.4574914794745486,65.62603368492262,42.97451934538514
Holmes,1.6764532115562352,2.1394404301981336,3.285391350607244,2.6415891072038438,8.836546729489672,13.923756073245276,1.614288759287228,47.4463018078419,45.686948582984286
Holt,1.6463196801765974,0.044482316168420834,0.06708061507556452,0.8112581318398028,36.35921914060884,17.916758543517062,1.9413089693121983,54.54885664136523,64.32297805748658
HornBluff,1.3074655534147204,0.12898578681939013,0.1544783374021455,1.4527533832915307,39.39046607127884,43.767602676052505,1.213042201800391,60.60953392872119,56.232397323947524
Hoseason,1.6150548552574244,0.10843307668991124,0.1604148361523443,1.663276920588742,64.27152483331068,66.19053436996282,0.9428307608166654,17.863007857154855,10.428000778803865
Hovde,1.348801796315185,0.011776863320566731,0.014550343431992758,1.348801796315185,100.0,100.0,0.0,0.0,0.0
Hull,0.8280915350258659,0.20266455180183096,0.1537275166139671,0.5831931314391362,31.993830810824438,22.532028873735324,0.7264778334351752,46.00149359752688,40.356728682741036
Hummer Point,1.7166618493689387,0.02827343543821933,0.04445891001812639,2.03890076866485,42.8564686484488,50.90116431591058,1.4749893132921084,57.14353135155121,49.09883568408942
Ironside,0.24337970731975936,0.07196349626859674,0.016043240468154828,0.24337970731975936,100.0,100.0,0.0,0.0,0.0
Jackson,1.0322924203236863,0.05664777277101414,0.05356499287711853,1.136998036691401,71.42577241275075,78.67050208215215,0.7705642772905417,28.57422758724925,21.32949791784785
Jelbart,0.9280619374056283,10.612422120050248,9.021670290502964,0.8649623941849388,9.146448972698403,8.524575874570942,1.1853203430593828,49.65680491684824,63.42165179601133
Kirkby,0.51598270613906,0.011895248577831552,0.005622172177069879,0.51598270613906,100.0,100.0,0.0,0.0,0.0
Land,5.778838530553475,0.6337334976786679,3.3546150959109244,5.370489473391413,5.127201700603469,4.764899142874688,5.702587585083031,51.92224040609547,51.237133891875274
LarsenA,1.1333818181082116,0.6941656814784283,0.7206673621223895,1.1333818181082116,100.0,100.0,0.0,0.0,0.0
LarsenB,0.36450095883103584,2.0264832801973935,0.6766080703973057,0.19073056354461823,23.29083723466186,12.187277985329619,0.3712535896960564,71.974203895807,73.30757550687397
LarsenC,0.21784059833924932,45.62403095973478,9.103909841871959,0.29631221526752727,13.710299782099789,18.649091727563206,0.1690452117510337,81.00099577640893,62.85711014134995
LarsenD,0.2772646179205817,21.644901721736225,5.497250711718078,0.23347493953868442,80.36755407861095,67.67473603411639,0.4541830799252277,16.22673791734519,26.58077997730776
LarsenD 1,0.3050117399160861,0.039345474655226455,0.010992761821092035,0.26402688831381443,90.00042445809994,77.90694228075327,0.6738928014272005,9.999575541900082,22.093057719246737
LarsenE,0.8300194430837687,1.1496641682676487,0.8740871492138531,0.23242206221161654,18.889369425989873,5.28940163082726,0.8844876161135662,41.60812877212765,44.33856933745495
LarsenF,0.3205886483937712,0.7865840665971611,0.23098764924674928,0.0421754396352052,50.7739290546132,6.6796275869842585,0.47761204285789255,39.48987026393216,58.831894714448794
LarsenG,0.1344530856569298,0.39214864301094327,0.04829664510152322,-0.01777122874917836,40.211937753213185,-5.314980617726276,0.2368353075486078,59.78806224678681,105.3149806177263
Lauritzen,1.885997951867368,0.49082174121553784,0.8479309395766632,1.2059409084761568,10.397305079484314,6.648223303128402,1.9463182514224933,57.588129510049605,59.429983696278256
Lazarev,0.39596375744724627,8.34616604017539,3.027177807240557,0.37225312071946093,51.19192525615374,48.12651050463738,0.4546293200664601,41.843051277737416,48.04247255997458
Lillie,2.4840945772315015,0.7379448661553369,1.6791423537260657,1.5478773794860854,11.274324059038731,7.025204007904988,2.194656277399664,15.575314314389333,13.760531360542402
Liotard,1.162049005785721,0.011584331502219667,0.012330789788839457,1.162049005785721,100.0,100.0,0.0,0.0,0.0
Mandible Cirque,0.17404531725733952,0.020087643750987306,0.0032024828619071875,0.17404531725733952,100.0,100.0,0.0,0.0,0.0
Manhaul,0.09118541093401451,0.008005619982488124,0.0006686761050624197,0.09118541093401451,100.0,100.0,0.0,0.0,0.0
Marin,0.13969676202460868,0.012215409495225123,0.00156311108841145,0.13969676202460868,100.0,100.0,0.0,0.0,0.0
Mariner,0.7068990554625934,2.6500351833246203,1.7159495491198886,0.3756031468632771,44.025210182106115,23.39231798081148,1.0355994610056563,49.606888718689056,72.67355476323803
Marret,2.6535169733142205,0.019278276609565256,0.04685819452695078,0.0,0.0,0.0,2.6535169733142205,100.0,100.0
Matusevitch,6.500389769810387,0.23973498616778735,1.4274677000204588,2.7109032452140323,6.554189198928144,2.733339599363646,4.055256125153901,16.392211013311318,10.226250497358253
May Glacier,2.6932743041316654,0.23861195635760132,0.5886650648563269,4.6985016949193215,9.674094362034715,16.87676174948108,2.86515579908303,56.450443109976455,60.05304182690809
McLeod,0.17875855649261096,0.01573327130788477,0.0025762104910001505,0.17875855649261096,100.0,100.0,0.0,0.0,0.0
Mendelssohn,3.4745774517207626,0.43720357795418974,1.391493487494481,3.452172421851122,46.356340268650904,46.057421852585115,3.448555080245154,51.82516705322943,51.43702956958328
Mertz,1.3442430567891244,5.306812637638934,6.534419774313466,1.9643707260978678,4.30578762097181,6.292138250380748,1.5973866336986497,70.71112813708557,84.02722288165195
Morse,1.5448701852889088,0.019259833524354213,0.02725461140822881,2.208121676225378,39.999394555767424,57.17213717731493,1.1027136790462049,60.000605444232576,42.82786282268508
Moscow University,1.225841436431749,5.67985712039,6.377745457446354,3.178201982180916,0.8170811293837744,2.1184215085510507,2.854795857022736,19.46538644819844,45.33188627512779
Moubray,0.21351986009573076,0.13576680805924615,0.026553841434008022,0.21351986009573076,100.0,100.0,0.0,0.0,0.0
Mulebreen,0.8608068470650367,0.2756190627892086,0.21732537521042866,0.5973513962150765,45.0606375979884,31.26954075153433,0.9274085070756984,42.2562108257233,45.52562462784312
Myers,0.23866818460027941,0.10077184684110463,0.0220307469098556,0.22529145300086356,96.15180842153913,90.76274939715555,0.572902306740275,3.848191578460855,9.237250602844457
Nansen,0.08380620933025296,1.8590250604846905,0.14271082452615622,-0.014073463739255191,62.7722699893956,-10.541262665218607,0.13919401381500815,23.299380998164818,38.69801994932802
Nickerson,3.8741920926038746,6.347300588913294,22.52504616386819,3.230287150021324,44.52290645886821,37.123036023497605,4.250213764234438,47.46591850178263,52.0728697302966
Ninnis,2.631321330253699,1.753647041075298,4.226798520264623,3.0082615043379834,6.680232516104997,7.637184439305254,2.1280524070436138,29.395573162765714,23.773348965866905
Nivl,0.3251839835659777,7.141814655203364,2.12732182535352,0.893596190231057,19.588462010044243,53.828527569869856,0.19316600801299183,65.15302866450072,38.702245784267376
Noll,3.821742855169031,0.10623329297708269,0.3718926368292797,3.4344272725752143,18.513720181091866,16.637442108583674,3.9097411333313707,81.48627981890813,83.36255789141634
Nordenskjold,0.45518769043846813,0.21182721346086258,0.08832176430161602,0.4720699545532069,42.30634309440297,43.875425195811474,0.44280804775058735,57.693656905597045,56.124574804188576
Parker,0.13466338794441277,0.05241386607939503,0.00646533756386872,0.13466338794441277,100.0,100.0,0.0,0.0,0.0
Paternostro,1.7909768853371588,0.003933043799917837,0.0064522953297590675,1.7909768853371588,100.0,100.0,0.0,0.0,0.0
Perkins,0.2289964021702673,0.004050322596987509,0.000849598520942591,0.2289964021702673,100.0,100.0,0.0,0.0,0.0
Philbin Inlet,0.5507676949668744,0.08063867786960802,0.04068247172164501,0.526394784053677,79.99593418516268,76.45590488582215,0.6482345697192471,20.00406581483734,23.544095114177843
Pine Island,6.995968424895628,5.688085712174944,36.45099992507589,2.6561492198928316,8.380723242038162,3.181897079789847,3.6587054402758885,42.75094164294614,22.35760559029362
Porter,2.1969317334857816,0.05418630831434298,0.10904395615470165,1.4989531369740696,14.286938591553636,9.747891157995248,2.3132731309661776,85.71306140844635,90.25210884200476
PourquoiPas,4.994681084181634,0.18479612616048263,0.845465907639646,3.3014229121249627,2.082333723951521,1.3763970413879676,2.8921645301978103,6.248865845955706,3.6183988224743273
Prince Harald,1.2406989894454017,5.0564147607718,5.746515634458254,1.6762684845794371,32.20145212231194,43.50634586593291,0.980558917232722,61.11032728217434,48.29719122954359
Publications,0.6537342635103001,1.4886581106190446,0.8914391212247854,0.6732130099058278,31.997304695854506,32.95070031591004,0.5821856923144851,54.50540164340523,48.540005873724546
Quar,1.0261869878034888,2.112263078026181,1.9855004271072023,1.919098430812729,5.83228693109002,10.907108383299647,0.9510828931711746,79.0821226335855,73.29429712752436
Quatermain Point,0.11280793182235464,0.01198590993320913,0.0012385288308860943,0.11280793182235464,100.0,100.0,0.0,0.0,0.0
Rayner Thyer,0.2898711855996325,0.6146339742906809,0.16319884581510755,0.18542676895500973,77.83892627249729,49.79253307906119,0.6706977919872108,19.626037148826132,45.410307871571185
Rennick,0.2531929371234695,3.2082634745874197,0.7440756414122114,0.6982320165140093,26.2758571596172,72.46112367363095,0.10618518144059078,33.47921346534308,14.040661626244798
Richter,5.4370163467648345,0.0940173449775226,0.4682352388343524,8.06512742092309,4.347028981434999,6.44826875655432,5.317579648833318,95.652971018565,93.55173124344567
Riiser-Larsen,0.7854089420762901,42.85137000983436,30.828757854324266,0.5456888791666514,21.100838457261773,14.660506483132643,0.9062520982673015,70.06617811775354,80.84657244788184
Ronne,0.2789158050380406,332.37580573168515,84.91765673463125,0.23732895935769063,0.8479937536381512,0.7215563673966641,0.5378576334394494,32.69797070508862,63.054344085351424
Rose Point,0.4028681832118497,0.012141626667449225,0.004480591170304661,0.4028681832118497,100.0,100.0,0.0,0.0,0.0
Ross East,0.14534510333310754,188.7537727469319,25.129943929645776,0.29390473724972344,9.50275479926031,19.215677641538683,0.11553241655756084,82.58202612449782,65.64308548129483
Ross West,0.1479781238078071,301.6484532704186,40.887832902666894,0.35340011936120724,0.8201715398998008,1.9587268214976699,0.08374562965892808,64.44118111806803,36.46935877972576
Rund Bay,1.8058036916938867,0.08128051494966496,0.13444741502633875,1.8058036916938867,100.0,100.0,0.0,0.0,0.0
Rydberg Peninsula 1,0.5788055040056861,0.0040128171468637895,0.00212753883647461,0.5788055040056861,100.0,100.0,0.0,0.0,0.0
Sandford,2.390396463921022,0.01931689998391843,0.042296345264574785,0.0,0.0,0.0,2.390396463921022,100.0,100.0
Shackleton,0.739079781509494,25.263049846924208,17.103010974793452,0.5962676139214254,44.23555452934846,35.68793141091617,0.5983999552789384,45.87063663561028,37.13940984193054
Shirase,1.7186316791307898,0.6512521453305816,1.0252445123493963,1.7761313239634269,36.34873421711643,37.56484080526984,1.6214086467793238,57.58807071078327,54.33031226855286
Skallen,0.4855646412594127,0.03151486246008432,0.014017092642449847,0.4855646412594127,100.0,100.0,0.0,0.0,0.0
Slava,0.7397243331902909,0.25861023564250346,0.17523106025102075,0.3493179735344392,34.865961985669834,16.464656683167274,0.9620558856957444,62.105552271885436,80.77199764385998
SmithInlet,1.6259110062182993,0.09135621205069208,0.1360599567242239,1.225253608640939,34.779819373093474,26.209367567957365,1.9093866681455065,60.8717630859584,71.48468302282693
Sorsdal,1.2799131014353662,0.12908886755130183,0.15134384007078322,1.2799131014353662,100.0,100.0,0.0,0.0,0.0
Stange,2.048213934006034,7.797918745130047,14.630174140300317,1.9474699813265781,61.17863784947255,58.16949037021201,2.269347566215667,32.42257803158752,35.92305341000779
Sulzberger,3.8648699714065993,11.963173106292514,42.35227538714395,2.091054092174497,20.008423776985882,10.825382671697232,2.963840929395551,56.184067642317416,43.085702880095674
Suter,0.20389520266336877,0.0362316907180634,0.006766920616365166,0.20389520266336877,100.0,100.0,0.0,0.0,0.0
Suvorov,0.9346909368420345,0.20132867523621067,0.17237296067184474,0.7328920335199236,15.691947412977667,12.30407057143481,0.9737273872868659,78.425340350828,81.7006977888359
Swinburne,8.314045501870806,0.8222666746949006,6.262108094046231,4.513699873218751,33.329293117262715,18.094491554563668,9.468136781351598,49.750436158412626,56.65640564196551
Telen,0.5857679808423998,0.01969294116499531,0.010566512854889812,0.5857679808423998,100.0,100.0,0.0,0.0,0.0
Thomson,1.4955593529850413,0.0642953120176115,0.08808022900078384,1.4138965226686893,68.74682426472577,64.9930045092523,1.6751910260115364,31.25317573527423,35.0069954907477
Thwaites,8.352289712951434,4.092004158854735,31.306685485082888,4.657229504645102,7.6188918112959785,4.248287470350222,6.76020920705696,75.6348147171878,61.21760480031303
Tinker,0.11586590095460159,0.10090209360626091,0.01070905857724779,0.11586590095460159,100.0,100.0,0.0,0.0,0.0
Totten,1.2392165209980437,5.916827517626243,6.716323057152266,1.937491336313658,2.3482866002986524,3.671501199480277,1.4480345600677804,20.042682719071912,23.420037388070956
Tracy Tremenchus,0.8481043257125028,2.730981108902964,2.121599712980153,0.8448825942193812,99.57833076141041,99.20005814267697,1.6089249284188705,0.42166923858957384,0.7999418573230471
Tucker,1.0292958139186763,0.41277800788217905,0.3891815388411886,0.46828052794295566,23.306215263540555,10.603216918188343,0.7971245990151905,37.86239265313084,29.32203177479083
Underwood,2.6599059476287157,0.14277432667906684,0.347865913123339,2.4034735511679353,43.22950114212688,39.061893416913044,3.2365989552357877,21.621449007911306,26.30918560563246
Utsikkar,1.044486937554583,0.08931299112891655,0.0854502073706828,1.044486937554583,100.0,100.0,0.0,0.0,0.0
Venable,4.831692299790515,3.1339502178650633,13.87033135219628,6.771827474679711,3.9675225658237765,5.560655904934596,4.680639185471826,89.62775049177519,86.82571965016939
Verdi,4.828701252232768,0.09953754300074057,0.44026354561517356,0.0,0.0,0.0,4.828701252232768,100.0,100.0
Vigrid,0.8239315492749856,2.013369110108174,1.5195325504209058,1.5296079839520687,8.436174410707999,15.661543418243824,0.9669726715642268,55.58424725234929,65.23411818589341
Vincennes Bay,1.9274382325813055,0.9070001725411082,1.601339117514433,1.6056080499146768,18.71533512442053,15.590379097324938,1.6880083696072419,52.76679642662935,46.212009547109815
Voyeykov,2.2043989018571106,0.5827976507084118,1.176802147123498,2.3652382925659725,69.5240052048068,74.59667994954579,1.8374806531853898,30.475994795193138,25.40332005045424
Walgreen Coast 1,6.554850296724998,0.08866512180379328,0.5323669255677135,2.178611797189583,9.090623522019976,3.0214175385175426,5.1089187481383735,59.08810456407495,46.053885525072864
Walgreen Coast 2,4.900252587921809,0.012074714327259893,0.0541989415196038,0.0,0.0,0.0,4.900252587921809,100.0,100.0
WattBay,0.5913898632556144,0.07749068986019725,0.041977722967684816,0.582855957525382,39.994384746469116,39.4172556301767,0.5869292037360876,50.00408441863168,49.626920031759575
West,1.3911098649185545,15.06395007719137,19.195338354231684,1.775254384630084,29.245139755447063,37.32096500014166,1.0897071699803744,48.4078603281495,37.91964517919761
Whittle,1.7883155032899858,0.06546246552967255,0.10723386846311454,1.7972536876314167,94.11833124826666,94.58874432306088,1.6452868782323549,5.881668751733357,5.411255676939114
Wilkins,1.3756809287466878,12.702893115737012,16.00721706409189,1.3351519103857779,92.69411528833456,89.96324839764371,1.9175083393758976,7.180870866397802,10.009137644180191
Williamson,2.9666336026348787,0.10019598136643179,0.2722762048963015,3.117471541677972,92.30805826315171,97.00144448149595,1.1564850417347605,7.691941736848294,2.9985555185040416
WilmaRobertDowner,0.5321749598637782,0.7974646365783934,0.38874189124292224,0.5185306755182968,64.05189849882242,62.409689860878395,0.4324059949830061,23.79841625777136,19.336832126779278
Withrow,1.7678916832962486,0.6215453928814576,1.0065236366734651,1.7395844410911696,42.09401199599576,41.42000837676245,1.875696112696264,48.032678561409504,50.96166768093091
Wordie (Harriott Headland),0.13077055551460862,0.0392184852409606,0.004697818760884136,0.13077055551460862,100.0,100.0,0.0,0.0,0.0
Wordie (Harriott),0.21206369612525494,0.06663971396510211,0.012944787471787105,0.21206369612525494,100.0,100.0,0.0,0.0,0.0
Wordie (Prospect),0.19503377863648041,0.1611378107646596,0.028787421561011786,0.18688833652042486,97.56126378766113,93.48668946260123,0.5208909266670503,2.438736212338875,6.513310537398781
Wylde,0.3926768243582604,0.10873420924499203,0.03911082205065394,0.3926768243582604,100.0,100.0,0.0,0.0,0.0
Zelee,2.7054899482103045,0.04253418875581791,0.10540945124287691,2.7054899482103045,100.0,100.0,0.0,0.0,0.0
Zubchatyy,1.0420831412351024,0.24810860936176615,0.23683161589424287,1.0817078811788645,53.13405785617073,55.15445636507683,0.9971587648458239,46.86594214382925,44.8455436349232
Ant_bounds all,0.6969823048640784,1523.328094322068,972.5471772402357,1.0943938380355,12.312107293808367,19.332333491886146,0.7498165640449944,50.83947705922029,54.69332828158794
George V Coast/Wilkes subglacial basin,1.9242061334361173,27.029972206284683,47.642294288241736,1.7383757342175536,35.26869622009815,31.862618365645247,1.7772544543641644,37.44804487033828,34.58813658087078
Amery/Prydz Bay,0.3100699522867602,65.52724934447328,18.611316467194605,1.687847318642637,8.091214905677283,44.04404645593884,0.2833170814710908,33.69064480065641,30.783812128218297
Bellingshausen Sea,4.296890467898979,68.17624980175938,268.3384241658143,3.371288464435342,59.30632152255686,46.531024961139906,5.390220410237513,37.97409606883133,47.636482526076804
Sabrina Coast/Aurora subglacial basin,1.5966436893201696,73.25835743500072,107.14222458511672,2.1363259031712354,43.20771265981782,57.8123700293148,1.0773214617531304,33.872034139546116,22.85486084080847
Amundsen Sea,2.813947514619834,93.28395716311977,240.44648202236527,2.458891312606403,20.620036804979257,18.018256951120932,2.6745910359212086,52.08779031529329,49.50822157642445
Western East Antarctica,1.0545853629958277,151.27760823338647,146.13419867502202,1.116933970623092,31.247025185199966,33.09439437991102,0.9874617154810231,55.94082707011563,52.38023113383815
Ross Sea,0.3343573134335864,531.4887379825094,162.7797462416669,0.9421759478142478,7.519612396249417,21.18930154054909,0.21568074845511853,68.8654488710826,44.422391730227474
Weddell Sea,0.3880171051258207,607.5732617480982,215.94591744861876,0.9201751345231144,12.621173756617516,29.930871876303815,0.5901468804844822,33.09568187110086,50.336217542275165
Total Antarctica,0.8069519340445963,1633.1308040531437,1207.1579837646727,1.6183452498985766,16.556817518363893,33.20476208537215,0.766431050716469,48.040397058662776,45.628060905637405
